Código,Nome,Município,Área,Total de Famílias,Total Famílias 2,Fase,Tipo,Número,Data da Criação,Obtenção,Data da Obtenção,Município IBGE
MT0002009,PAR GLEBA CAFEZAL,COLIDER,"20.000,00",600,900,7,10,1,12/10/1980,Discriminação,12/10/1980,Colíder
MT0011000,PAC PEIXOTO DE AZEVEDO,NOVO MUNDO,"120.000,00",1279,1600,7,1,132,27/08/1979,Arrecadação,03/03/1980,Novo Mundo
MT0012000,PAC CARLINDA,ALTA FLORESTA,"89.986,00",1308,1386,6,15,21,24/02/1981,Arrecadação,24/02/1981,Alta Floresta
MT0013000,PA BRAÇO SUL,GUARANTA DO NORTE,"115.050,00",1866,2530,7,1,52,30/03/1981,Arrecadação,30/03/1981,Guarantã Do Norte
MT0014000,PA CAPÃO VERDE,ALTO PARAGUAI,"5.806,77",163,169,7,1,316,05/06/1986,Desapropriação,05/02/1985,Alto Paraguai
MT0015000,PA TUPÃ,CURVELANDIA,"2.866,56",113,126,7,1,486,08/08/1986,Desapropriação,05/06/1984,Curvelândia
MT0016000,PA MORRINHO,GENERAL CARNEIRO,"2.149,85",29,28,6,1,487,08/08/1986,Arrecadação,07/05/1981,General Carneiro
MT0017000,PA SARARÉ,NOVA LACERDA,"18.131,70",256,266,6,1,965,11/12/1986,Desapropriação,25/02/1986,Nova Lacerda
MT0018000,PA 1.500 ALQUEIRES,PONTES E LACERDA,"3.630,00",69,78,7,1,964,11/12/1986,Desapropriação,18/12/1985,Pontes E Lacerda
MT0019000,PA NOVA ALVORADA,COMODORO,"7.870,00",94,123,7,1,979,17/12/1986,Arrecadação,16/05/1986,Comodoro
MT0020000,PA PAPIRO,PORTO ESPERIDIAO,"1.126,01",30,30,3,1,84,29/01/1987,Desapropriação,25/10/1985,Porto Esperidião
MT0021000,PA NOVO MÉXICO,COLIDER,"9.880,61",182,195,7,1,82,29/01/1987,Desapropriação,13/08/1984,Colíder
MT0022000,PA CORONEL ARI,PONTES E LACERDA,"7.500,00",135,200,5,1,291,01/04/1987,Desapropriação,26/06/1986,Pontes E Lacerda
MT0023000,PA CANA BRAVA,CANABRAVA DO NORTE,"35.467,87",444,465,6,1,293,01/04/1987,Desapropriação,12/07/1984,Canabrava Do Norte
MT0025000,PA HIJ,TERRA NOVA DO NORTE,"21.182,40",357,357,7,1,405,21/05/1987,Arrecadação,16/01/1979,Terra Nova Do Norte
MT0026000,PA ETA,PEIXOTO DE AZEVEDO,"22.674,10",303,325,3,1,404,21/05/1987,Arrecadação,11/03/1987,Peixoto De Azevedo
MT0027000,PA TIRA SENTIDO,ALTO PARAGUAI,"6.262,79",117,118,7,1,458,28/05/1987,Desapropriação,18/12/1986,Alto Paraguai
MT0028000,PA JATOBAZINHO,,"15.033,46",219,229,3,1,457,28/05/1987,Desapropriação,16/12/1986,#N/A
MT0029000,PA FORMOSA,VILA BELA DA SANTISSIMA TRINDADE,"13.327,05",216,241,7,1,456,28/05/1987,Desapropriação,27/07/1986,Vila Bela Da Santíssima Trindade
MT0030000,PA GATO PRETO,ALTO ARAGUAIA,"7.523,32",88,88,3,1,455,28/05/1987,Desapropriação,26/06/1986,Alto Araguaia
MT0031000,PA SAFRA,NOVA XAVANTINA,"29.417,33",358,359,3,1,454,28/05/1987,Desapropriação,25/09/1986,Nova Xavantina
MT0034000,PA AYMORÉ,SAO JOSE DO XINGU,"5.827,68",68,72,3,1,697,14/08/1987,Desapropriação,14/08/1987,São José Do Xingu
MT0035000,PA CRUZEIRO DO NORTE,RIBEIRAO CASCALHEIRA,"4.964,73",56,56,3,1,696,14/08/1987,Desapropriação,14/08/1987,Ribeirão Cascalheira
MT0036000,PA JANDIRA,AGUA BOA,"9.167,71",144,150,6,1,695,14/08/1987,Desapropriação,24/08/1987,Água Boa
MT0037000,PA MARAGATOS,NOVA NAZARE,"2.482,02",40,41,3,1,694,14/08/1987,Desapropriação,29/01/1987,Nova Nazaré
MT0039000,PA ILHA DO COCO,NOVA XAVANTINA,"2.852,33",28,43,6,1,691,14/08/1987,Desapropriação,26/09/1986,Nova Xavantina
MT0040000,PA RIBERÃO DOS COCAIS,NOSSA SENHORA DO LIVRAMENTO,"1.532,03",51,58,6,1,689,14/08/1987,Desapropriação,12/11/1986,Nossa Senhora Do Livramento
MT0041000,PA MELLO,NOVA XAVANTINA,"2.313,97",29,29,7,1,688,14/08/1987,Desapropriação,25/09/1986,Nova Xavantina
MT0042000,PA MONTECHI,RIO BRANCO,"2.691,71",104,117,5,1,728,19/08/1987,Desapropriação,07/01/1987,Rio Branco
MT0043000,PA VINAGRE LOTE 31,PLANALTO DA SERRA,948,12,17,3,1,813,17/09/1987,Desapropriação,12/11/1986,Planalto Da Serra
MT0044000,PA CRUZEIRO DO SUL,NOVA CANAA DO NORTE,"2.416,26",51,55,6,1,805,17/09/1987,Desapropriação,26/09/1986,Nova Canaã Do Norte
MT0045000,PA LIBERDADE,PORTO ALEGRE DO NORTE,"6.430,26",263,861,5,1,811,17/09/1987,Arrecadação,31/12/1984,Porto Alegre Do Norte
MT0046000,PA SERRA NOVA I,BOM JESUS DO ARAGUAIA,"2.450,35",43,43,4,1,834,24/09/1987,Arrecadação,31/12/1984,Bom Jesus Do Araguaia
MT0047000,PA MIRASSOLZINHO,JAURU,"20.488,00",724,732,3,1,341,23/03/1988,Compra e Venda,30/08/1987,Jauru
MT0048000,PA PRESIDENTE,SANTA TEREZINHA,"39.416,91",309,261,4,1,336,23/03/1988,Desapropriação,22/12/1986,Santa Terezinha
MT0049000,PA RIO VERMELHO,RONDONOPOLIS,"7.710,43",279,305,3,1,335,23/03/1988,Desapropriação,26/06/1987,Rondonópolis
MT0050000,PA SERRAGEM,NOBRES,"1.043,00",67,73,3,1,1363,06/10/1988,Desapropriação,02/05/1986,Nobres
MT0051000,PA JACARÉ VALENTE,CONFRESA,"25.062,88",389,317,3,1,58,20/10/1989,Desapropriação,13/01/1989,Confresa
MT0052000,PA CANTA GALO,CONFRESA,"31.444,04",444,589,5,1,57,20/10/1989,Desapropriação,11/10/1989,Confresa
MT0053000,PA COQUEIRAL/QUEBÓ,NOBRES,"50.409,76",571,728,3,1,525,13/06/1990,Desapropriação,01/01/1988,Nobres
MT0054000,PA NOROAGRO,COMODORO,"16.008,00",252,280,6,1,31,11/07/1991,Compra e Venda,23/11/1988,Comodoro
MT0055000,PA VOLTA GRANDE,ARAGUAIANA,"1.536,15",34,35,3,1,70,03/09/1991,Desapropriação,05/07/1986,Araguaiana
MT0056000,PA MIRANDA ESTÂNCIA,COMODORO,"18.402,00",308,330,5,1,13,27/02/1992,Compra e Venda,23/11/1988,Comodoro
MT0057000,PA PERSEVERANÇA PACUTINGA,COLNIZA,"17.700,74",320,346,6,1,85,10/06/1992,Doação,22/04/1991,Colniza
MT0058000,PA TIBAGI,BRASNORTE,"110.491,38",1584,1600,3,1,403,30/12/1992,Desapropriação,19/02/1986,Brasnorte
MT0059000,PA COTRIGUAÇU (CEDERES),COTRIGUACU,"11.359,00",207,226,4,1,408,30/12/1992,Compra e Venda,30/01/1992,Cotriguaçu
MT0060000,PA ELDORADO I,TAPURAH,"34.047,00",351,351,7,1,75,12/08/1993,Compra e Venda,06/07/1993,Tapurah
MT0061000,PA PIAU,NOVA XAVANTINA,"7.546,97",104,107,7,1,303,12/11/1992,Compra e Venda,11/12/1991,Nova Xavantina
MT0062000,PA TRIANGULO,TANGARA DA SERRA,"2.767,09",126,139,3,1,137,28/01/1994,Desapropriação,28/01/1994,Tangará Da Serra
MT0063000,PA SERRINHA,AGUA BOA,"9.916,56",36,158,3,1,238,24/09/1992,Desapropriação,18/03/1987,Água Boa
MT0064000,PA COUTINHO UNIÃO,QUERENCIA,"15.742,34",172,172,7,1,7,10/01/1995,Desapropriação,26/10/1993,Querência
MT0065000,PA FICA FACA,NOVA BRASILANDIA,"7.416,48",81,116,3,1,8,10/01/1995,Desapropriação,01/04/1988,Nova Brasilândia
MT0066000,PA PONTAL,NOVA NAZARE,"9.356,76",121,130,7,1,9,10/01/1995,Desapropriação,02/10/1989,Nova Nazaré
MT0067000,PA PIRACICABA,CONFRESA,"22.863,75",217,247,6,1,10,10/01/1995,Desapropriação,16/11/1985,Confresa
MT0068000,PA AZULONA GAMELEIRA,SAO FELIX DO ARAGUAIA,"27.583,02",131,1139,7,1,11,10/01/1995,Desapropriação,17/05/1984,São Félix Do Araguaia
MT0069000,PA SANTO ANTONIO DA MATA AZUL,NOVO SANTO ANTONIO,"99.528,55",628,594,5,1,12,10/01/1995,Desapropriação,24/02/1981,Novo Santo Antônio
MT0070000,PA MARTINS I,AGUA BOA,"3.843,78",49,54,7,1,13,10/01/1995,Arrecadação,17/02/1987,Água Boa
MT0071000,PA GRANJA,COMODORO,"3.528,00",109,117,3,1,29,23/02/1995,Desapropriação,12/12/1989,Comodoro
MT0072000,PA BANDEIRANTES,ALTO BOA VISTA,"10.786,04",123,139,6,1,30,23/02/1995,Desapropriação,23/02/1987,Alto Boa Vista
MT0073000,PA XAVANTE FIGURA A,CONFRESA,"8.276,27",99,100,3,1,61,19/07/1995,Arrecadação,27/12/1983,Confresa
MT0074000,PA CHAPADINHA,SAO FELIX DO ARAGUAIA,"33.035,93",133,216,5,1,88,06/10/1995,Desapropriação,28/12/1983,São Félix Do Araguaia
MT0075000,PA FARTURA,CONFRESA,"32.249,29",450,500,6,1,62,02/08/1995,Desapropriação,20/12/1993,Confresa
MT0076000,PA BOJUI,DIAMANTINO,"15.368,71",281,276,3,1,63,11/08/1995,Desapropriação,22/07/1994,Diamantino
MT0077000,PA NOVA COTRIGUAÇU,COTRIGUACU,"99.988,50",1189,1502,6,1,84,22/09/1995,Compra e Venda,18/03/1992,Cotriguaçu
MT0078000,PA NOVO HORIZONTE,NOVA GUARITA,"1.217,50",43,43,7,1,66,15/08/1995,Desapropriação,05/07/1989,Nova Guarita
MT0079000,PA AVAÍ,NOVA CANAA DO NORTE,"6.263,47",112,118,6,1,67,15/08/1995,Desapropriação,05/11/1986,Nova Canaã Do Norte
MT0080000,PA RONCADOR,SERRA NOVA DOURADA,"12.727,23",139,128,3,1,70,15/08/1995,Desapropriação,29/10/1984,Serra Nova Dourada
MT0081000,PA MANAH,CANABRAVA DO NORTE,"8.648,90",137,1133,6,1,69,15/08/1995,Desapropriação,06/12/1994,Canabrava Do Norte
MT0082000,PA MACIFE,RIBEIRAO CASCALHEIRA,"103.411,38",1140,3580,3,1,68,15/08/1995,Desapropriação,17/08/1993,Ribeirão Cascalheira
MT0083000,PA SERRA NOVA II,SERRA NOVA DOURADA,"10.605,75",85,114,4,1,89,06/10/1995,Arrecadação,31/12/1984,Serra Nova Dourada
MT0084000,PA RANCHO AMIGO,NOVA XAVANTINA,"8.223,38",117,125,3,1,75,01/09/1995,Desapropriação,21/06/1994,Nova Xavantina
MT0085000,PA CARNAÚBA,SAO FELIX DO ARAGUAIA,"13.114,00",98,130,3,1,85,27/09/1995,Desapropriação,19/12/1989,São Félix Do Araguaia
MT0086000,PA CRISTO REI,NOVA GUARITA,"1.644,89",34,34,6,1,96,27/11/1995,Arrecadação,16/01/1979,Nova Guarita
MT0087000,PA UNIÃO DE TODOS,TERRA NOVA DO NORTE,"4.796,98",105,107,7,1,87,27/09/1995,Arrecadação,16/01/1979,Terra Nova Do Norte
MT0088000,PA COTREL,NOVO MUNDO,"10.216,37",120,130,4,1,86,27/09/1995,Arrecadação,03/03/1980,Novo Mundo
MT0089000,PA PIRAPUTANGA,DIAMANTINO,"945,5759",9,9,6,1,108,14/12/1995,Arrecadação,17/01/1983,Diamantino
MT0090000,PA PRAIA RICA,CHAPADA DOS GUIMARAES,"4.065,00",43,45,3,1,102,06/12/1995,Desapropriação,08/11/1994,Chapada Dos Guimarães
MT0100000,PA VOLTINHA,PORTO ESTRELA,600,32,33,3,1,93,27/11/1995,Desapropriação,11/10/1983,Porto Estrela
MT0101000,PA VÃO GRANDE,PORTO ESTRELA,900,28,28,3,1,94,27/11/1995,Arrecadação,11/10/1983,Porto Estrela
MT0102000,PA OLARIA,SAO FELIX DO ARAGUAIA,"2.540,00",46,101,3,1,92,27/11/1995,Desapropriação,19/12/1989,São Félix Do Araguaia
MT0103000,PA CÓRREGO DA ONÇA,PONTES E LACERDA,"1.578,00",81,82,7,1,91,27/11/1995,Desapropriação,27/07/1986,Pontes E Lacerda
MT0104000,PA CORGÃO,JAURU,"5.002,00",154,160,5,1,95,27/11/1995,Desapropriação,01/12/1995,Jauru
MT0105000,PA MIRASSOLZINHO II,JAURU,"2.050,00",72,71,3,1,113,19/12/1995,Arrecadação,09/08/1988,Jauru
MT0106000,PA COLONIA DOS MINEIROS,COMODORO,"4.654,76",106,106,6,1,97,02/12/1996,Desapropriação,24/03/1995,Comodoro
MT0107000,PA SÃO LUIZ,CACERES,"4.033,74",26,29,4,1,105,14/12/1995,Arrecadação,25/01/1994,Cáceres
MT0108000,PA PROVIDÊNCIA - I,MIRASSOL D'OESTE,"3.983,00",67,68,6,1,106,14/12/1995,Desapropriação,25/01/1985,Mirassol D'oeste
MT0109000,PA PROVIDÊNCIA III,CURVELANDIA,"1.528,69",74,75,7,1,112,19/12/1995,Desapropriação,25/10/1985,Curvelândia
MT0110000,PA NOVA CONQUISTA,CONQUISTA D'OESTE,"13.936,00",390,398,5,1,111,14/12/1995,Desapropriação,11/11/1994,Conquista D'oeste
MT0111000,PA BONJAGUÁ,MARCELANDIA,"11.749,16",375,375,6,1,107,14/12/1995,Desapropriação,20/12/1994,Marcelândia
MT0112000,PA SANTA IZABEL,NOVA GUARITA,"643,7129",30,34,5,1,109,14/12/1995,Arrecadação,02/01/1995,Nova Guarita
MT0113000,PA CONFRESA/RONCADOR,CONFRESA,"93.960,77",1145,2076,6,1,103,06/12/1995,Desapropriação,06/12/1995,Confresa
MT0114000,PA SERRA NEGRA,NOVA GUARITA,"1.659,78",31,31,5,1,110,14/12/1995,Arrecadação,02/01/1995,Nova Guarita
MT0115000,PA CABIXI,COMODORO,"6.700,00",43,55,5,1,114,19/12/1995,Arrecadação,21/08/1987,Comodoro
MT0116000,PA OURO BRANCO,NOVA CANAA DO NORTE,"5.488,86",97,105,5,1,115,19/12/1995,Arrecadação,05/12/1984,Nova Canaã Do Norte
MT0117000,PA MONTE DAS OLIVEIRAS,NOVA CANAA DO NORTE,"3.024,40",59,59,3,1,116,19/12/1995,Arrecadação,05/12/1988,Nova Canaã Do Norte
MT0118000,PA BELA VISTA,NOVO MUNDO,"8.549,75",101,130,3,1,135,29/12/1995,Arrecadação,03/03/1980,Novo Mundo
MT0119000,PA MARIA TEREZA,RIBEIRAO CASCALHEIRA,"21.582,31",222,214,6,1,134,29/12/1995,Desapropriação,24/03/1995,Ribeirão Cascalheira
MT0120000,PA PORTO ESPERANÇA,CONFRESA,"4.183,84",60,64,7,1,133,29/12/1995,Desapropriação,24/03/1985,Confresa
MT0121000,PA INDEPENDENTE II,CONFRESA,"8.892,96",109,115,3,1,132,29/12/1995,Desapropriação,29/12/1995,Confresa
MT0122000,PA MACIFE II,BOM JESUS DO ARAGUAIA,"19.650,27",266,366,3,1,124,29/11/1995,Desapropriação,24/03/1995,Bom Jesus Do Araguaia
MT0123000,PA CACHOEIRA DA UNIÃO,GUARANTA DO NORTE,"13.272,45",143,219,3,1,129,29/12/1995,Arrecadação,05/05/1980,Guarantã Do Norte
MT0124000,PA VEREDA,ARAPUTANGA,"3.586,56",108,115,7,1,123,29/12/1995,Desapropriação,11/11/1994,Araputanga
MT0125000,PA YAMIN,SAO JOSE DO XINGU,"8.002,98",96,99,7,1,127,29/12/1995,Desapropriação,29/12/1995,São José Do Xingu
MT0126000,PA SÃO JOSÉ,GUARANTA DO NORTE,"6.914,37",110,132,7,1,130,29/12/1995,Arrecadação,29/12/1995,Guarantã Do Norte
MT0127000,PA TAPURAH/ITANHANGA,Itanhangá,"115.035,00",1273,1169,7,1,128,29/12/1995,Desapropriação,29/01/1995,Itanhangá
MT0128000,PA SÃO CRISTÓVÃO,GUARANTA DO NORTE,"2.876,63",39,41,3,1,131,29/12/1995,Arrecadação,01/01/1987,Guarantã Do Norte
MT0129000,PA CASTANHAL,NOVO MUNDO,"2.124,35",22,37,3,1,136,29/12/1995,Arrecadação,03/03/1980,Novo Mundo
MT0130000,PA ALVORADA,VILA RICA,"2.987,85",45,43,6,1,126,29/12/1995,Desapropriação,24/03/1995,Vila Rica
MT0131000,PA INDEPENDENTE I,CONFRESA,"15.149,09",279,294,6,1,137,29/12/1995,Desapropriação,29/12/1995,Confresa
MT0132000,PA CACHIMBO,PEIXOTO DE AZEVEDO,"52.283,07",934,980,3,1,122,29/12/1995,Desapropriação,24/03/1995,Peixoto De Azevedo
MT0133000,PA QUILOMBO,CHAPADA DOS GUIMARAES,"6.472,98",102,145,3,1,6,08/02/1996,Arrecadação,17/01/1984,Chapada Dos Guimarães
MT0134000,PA TAPAYUNA,NOVA CANAA DO NORTE,"2.748,63",46,45,5,1,138,29/12/1995,Arrecadação,05/12/1984,Nova Canaã Do Norte
MT0136000,PA MACUCO,COMODORO,"6.162,00",232,250,6,1,9,19/03/1996,Desapropriação,21/03/1995,Comodoro
MT0137000,PA SANTA HELENA,VILA BELA DA SANTISSIMA TRINDADE,"16.447,50",181,183,4,1,8,19/03/1996,Desapropriação,24/03/1995,Vila Bela Da Santíssima Trindade
MT0138000,PA RIO ALEGRE,PONTES E LACERDA,"12.506,79",359,392,3,1,35,10/05/1996,Desapropriação,25/03/1995,Pontes E Lacerda
MT0139000,PA PIRATININGA,SORRISO,"29.844,79",300,305,6,1,36,10/05/1996,Desapropriação,10/05/1996,Sorriso
MT0140000,PA HORIZONTE II,GUARANTA DO NORTE,"8.273,18",71,115,3,1,39,24/05/1996,Arrecadação,24/05/1996,Guarantã Do Norte
MT0141000,PA FORQUILHA DO RIO MANSO,ROSARIO OESTE,"17.171,30",357,368,6,1,37,10/05/1996,Desapropriação,24/03/1995,Rosário Oeste
MT0142000,PA COLONIA BOM JESUS,VILA RICA,"4.536,25",60,60,6,1,57,25/07/1996,Desapropriação,24/03/1995,Vila Rica
MT0143000,PA ITAPORÃ DO NORTE,VILA RICA,"10.641,35",165,300,3,1,53,11/07/1996,Desapropriação,24/03/1995,Vila Rica
MT0144000,PE PONTAL DO PIRANHA,PARANATINGA,"11.900,00",116,119,3,3,73,24/09/1996,Reconhecimento,24/09/1996,Paranatinga
MT0145000,PA IRACEMA,JUINA,"18.117,54",346,353,3,1,61,14/08/1996,Desapropriação,10/11/1995,Juína
MT0146000,PA GERALDO PEREIRA DE ANDRADE (MARIA IZABEL),JUSCIMEIRA,"3.925,00",136,136,3,1,89,06/11/1996,Compra e Venda,07/08/1996,Juscimeira
MT0147000,PA MORRINHO DO TARUMÃ,VILA BELA DA SANTISSIMA TRINDADE,363,34,33,6,1,74,24/09/1996,Arrecadação,24/10/1983,Vila Bela Da Santíssima Trindade
MT0148000,PA VALE DO BACURI,RONDONOPOLIS,"639,3212",30,30,3,1,96,02/12/1996,Compra e Venda,11/10/1995,Rondonópolis
MT0149000,PA PARAISO,DOM AQUINO,"1.221,00",47,47,6,1,100,02/12/1996,Compra e Venda,22/11/1996,Dom Aquino
MT0150000,PA RONDON,NOVA CANAA DO NORTE,"10.762,24",185,194,6,1,80,31/10/1996,Arrecadação,05/12/1984,Nova Canaã Do Norte
MT0151000,PA SANTA LUZIA,RONDONOPOLIS,826,26,27,6,1,2,09/01/1997,Compra e Venda,26/12/1995,Rondonópolis
MT0152000,PA SANTO IDELFONSO,CAMPINAPOLIS,"18.711,45",507,517,3,1,79,31/10/1996,Compra e Venda,09/08/1996,Campinápolis
MT0153000,PA TERRA FORTE,CAMPO VERDE,"2.099,80",70,71,6,1,3,09/01/1997,Desapropriação,09/01/1997,Campo Verde
MT0154000,PA PRIMAVERA,RONDONOPOLIS,"1.154,70",47,50,6,1,33,04/04/1997,Compra e Venda,30/09/1996,Rondonópolis
MT0155000,PA SÃO FRANCISCO,RONDONOPOLIS,"1.332,20",57,58,6,1,4,10/01/1997,Desapropriação,18/10/1996,Rondonópolis
MT0156000,PA 28 DE OUTUBRO,CAMPO VERDE,"2.373,80",69,70,6,1,111,30/12/1996,Desapropriação,18/10/1996,Campo Verde
MT0157000,PA ALTO PARAISO,TERRA NOVA DO NORTE,"1.569,00",46,46,5,1,78,31/10/1996,Arrecadação,16/01/1979,Terra Nova Do Norte
MT0158000,PA CARIMÃ,RONDONOPOLIS,"5.922,98",195,196,5,1,11,21/01/1997,Compra e Venda,18/10/1996,Rondonópolis
MT0159000,PA ARACATY,VILA RICA,"2.113,75",44,45,6,1,102,05/12/1996,Desapropriação,24/06/1996,Vila Rica
MT0160000,PA DOM PEDRO,SAO FELIX DO ARAGUAIA,"30.337,37",453,446,6,1,65,14/10/1997,Desapropriação,24/07/1996,São Félix Do Araguaia
MT0162000,PA LARANJEIRA I,CACERES,"1.994,00",129,129,3,1,15,24/02/1997,Desapropriação,23/09/1996,Cáceres
MT0163000,PA LARANJEIRA II,CACERES,"1.262,54",33,33,6,1,22,03/03/1997,Desapropriação,23/09/1996,Cáceres
MT0164000,PA AERORANCHO,VALE DE SÃO DOMINGOS,"7.327,67",122,155,3,1,110,24/12/1996,Desapropriação,23/03/1996,Vale De São Domingos
MT0165000,PA MARGARIDA ALVES,MIRASSOL D'OESTE,"3.888,44",144,146,6,1,43,09/05/1997,Desapropriação,22/08/1996,Mirassol D'oeste
MT0166000,PA PAIOL,CACERES,"16.067,41",262,449,6,1,14,24/02/1997,Desapropriação,22/08/1996,Cáceres
MT0167000,PA MERCEDES BENS I E II,TABAPORA,"63.249,07",1008,1063,3,1,105,27/11/1997,Desapropriação,06/09/1996,Tabaporã
MT0168000,PA SANTA HELENA II,MIRASSOL D'OESTE,"1.215,68",53,54,6,1,112,30/12/1996,Compra e Venda,18/10/1996,Mirassol D'oeste
MT0169000,PA CANCELA,RIBEIRAO CASCALHEIRA,"14.616,62",173,186,3,1,95,02/12/1996,Desapropriação,09/05/1996,Ribeirão Cascalheira
MT0170000,PA NOIDORINHO/VITÓRIA,CAMPINAPOLIS,"17.443,00",165,200,3,1,98,02/12/1996,Desapropriação,02/12/1995,Campinápolis
MT0171000,PA XAVANTINHO,SAO FELIX DO ARAGUAIA,"1.200,00",11,20,4,1,99,02/12/1996,Arrecadação,02/08/1984,São Félix Do Araguaia
MT0172000,PA MARGARIDA UNIÃO,CONFRESA,"20.591,98",205,244,6,1,64,14/10/1997,Desapropriação,14/10/1997,Confresa
MT0173000,PA BOCAINA,VILA BELA DA SANTISSIMA TRINDADE,300,18,18,6,1,1,08/01/1997,Arrecadação,13/02/1979,Vila Bela Da Santíssima Trindade
MT0174000,PA SÃO JOSÉ UNIÃO,PEIXOTO DE AZEVEDO,"60.505,86",1006,1231,3,1,101,05/12/1996,Desapropriação,05/12/1996,Peixoto De Azevedo
MT0175000,PE JACAMINHO,ALTA FLORESTA,"2.480,00",93,93,4,3,99,19/11/1997,Reconhecimento,19/11/1997,Alta Floresta
MT0176000,PA SÃO SEBASTIÃO,VILA BELA DA SANTISSIMA TRINDADE,500,14,14,4,1,50,17/06/1997,Arrecadação,13/02/1979,Vila Bela Da Santíssima Trindade
MT0179000,PA SANTA MARIA,AGUA BOA,"13.597,89",212,213,3,1,46,30/05/1997,Desapropriação,02/07/1996,Água Boa
MT0180000,PA TATUIBY,CANABRAVA DO NORTE,"12.642,44",151,152,6,1,67,24/10/1997,Desapropriação,10/06/1996,Canabrava Do Norte
MT0181000,PA ANTONIO CONSELHEIRO,TANGARA DA SERRA,"38.337,83",877,999,3,1,109,12/12/1997,Desapropriação,05/05/1997,Tangará Da Serra
MT0183000,PA NOVA ESPERANÇA,CACERES,"1.695,29",50,51,3,1,110,15/12/1997,Desapropriação,09/07/1997,Cáceres
MT0184000,PA LAGO DE PEDRA,SAO FELIX DO ARAGUAIA,"6.218,90",44,50,3,1,108,04/12/1997,Desapropriação,06/09/1996,São Félix Do Araguaia
MT0185000,PA MÁRCIO PEREIRA,SAO JOSE DO POVO,"2.288,60",95,95,3,1,47,30/05/1997,Desapropriação,05/11/1996,São José Do Povo
MT0186000,PA FURNAS DO BURITI,POCONE,"1.061,60",28,28,3,1,48,30/05/1997,Desapropriação,25/11/1996,Poconé
MT0187000,PA SERINGAL,VILA BELA DA SANTISSIMA TRINDADE,"6.422,86",233,240,3,1,68,24/10/1997,Desapropriação,18/07/1996,Vila Bela Da Santíssima Trindade
MT0188000,PA RIO BORGES,TAPURAH,"7.459,59",102,106,6,1,69,24/10/1997,Desapropriação,24/11/1996,Tapurah
MT0189000,PA BONANZA,TAPURAH,"7.459,59",51,101,3,1,95,13/11/1997,Desapropriação,25/11/1996,Tapurah
MT0190000,PA SANTA IRENE,IPIRANGA DO NORTE,"2.846,00",47,50,3,1,97,13/11/1997,Desapropriação,03/12/1996,Ipiranga Do Norte
MT0191000,PA CAMPINAS,SAO JOSE DO RIO CLARO,"15.430,28",288,300,3,1,91,06/11/1997,Desapropriação,16/01/1997,São José Do Rio Claro
MT0192000,PA PADOVANI,MATUPA,"31.278,61",421,458,6,1,94,13/11/1997,Desapropriação,23/10/1996,Matupá
MT0193000,PA SANTA ROSA,NOVA BRASILANDIA,"6.087,00",135,145,3,1,89,06/11/1997,Desapropriação,26/09/1996,Nova Brasilândia
MT0194000,PA BOA VISTA,PARANATINGA,"14.907,80",247,260,3,1,90,06/11/1997,Desapropriação,07/02/1997,Paranatinga
MT0195000,PA SÃO BENEDITO,ARAPUTANGA,"1.233,51",50,58,6,1,31,05/05/1998,Desapropriação,29/04/1997,Araputanga
MT0196000,PA SANTA ROSA I,SAO JOSE DOS QUATRO MARCOS,"1.887,03",73,73,6,1,117,31/12/1997,Desapropriação,25/04/1997,São José Dos Quatro Marcos
MT0197000,PA JATOBÁ,CACERES,"911,6195",29,29,3,1,71,24/10/1997,Desapropriação,05/11/1996,Cáceres
MT0198000,PA RANCHO DA SAUDADE,CACERES,"8.206,71",45,46,3,1,114,27/12/1997,Desapropriação,05/12/1996,Cáceres
MT0199000,PA JURUENA,COTRIGUACU,"30.072,00",477,524,4,1,102,26/11/1997,Desapropriação,19/08/2002,Cotriguaçu
MT0200000,PA ENA,FELIZ NATAL,"30.000,00",379,388,3,1,104,26/11/1997,Desapropriação,25/11/1996,Feliz Natal
MT0201000,PA CALIFORNIA,VERA,"7.472,15",231,232,6,1,41,04/06/1998,Desapropriação,19/08/2002,Vera
MT0202000,PA VERANEIO,COLIDER,"14.147,57",523,523,6,1,112,15/12/1997,Desapropriação,01/09/1997,Colíder
MT0203000,PA SÃO PEDRO,PARANAITA,"35.020,03",776,776,6,1,116,29/12/1997,Desapropriação,16/01/1997,Paranaíta
MT0204000,PE NOVA FLORESTA,PORTO ALEGRE DO NORTE,"10.326,00",124,140,3,3,66,15/10/1997,Reconhecimento,10/10/1990,Porto Alegre Do Norte
MT0205000,PE VALE DA SERRA,ACORIZAL,"2.870,00",79,87,4,3,62,14/10/1997,Reconhecimento,14/10/1997,Acorizal
MT0206000,PE TARUMÃ,GUIRATINGA,"505,69",0,20,4,3,63,14/10/1997,Reconhecimento,14/10/1997,Guiratinga
MT0207000,PA RITINHA,VILA BELA DA SANTISSIMA TRINDADE,"6.910,86",132,132,6,1,100,20/11/1997,Desapropriação,23/10/1996,Vila Bela Da Santíssima Trindade
MT0209000,PA MOGIANA I,IPIRANGA DO NORTE,"2.646,96",38,38,6,1,118,31/12/1997,Desapropriação,24/07/1997,Ipiranga Do Norte
MT0210000,PA FURNAS III,IPIRANGA DO NORTE,"3.180,31",46,45,3,1,5,23/01/1998,Desapropriação,23/01/1998,Ipiranga Do Norte
MT0212000,PA JARAGUÁ,AGUA BOA,"20.097,32",422,423,6,1,32,11/05/1998,Desapropriação,17/11/1997,Água Boa
MT0213000,PA BRASIL NOVO,QUERENCIA,"28.577,69",317,317,3,1,7,30/01/1998,Desapropriação,07/11/1997,Querência
MT0214000,PCA JÁCOMO,POXOREO,129,22,48,4,7,87,04/11/1997,Reconhecimento,30/10/1992,Poxoréu
MT0215000,PCA SANTA MARIA,POXOREO,50,30,35,4,7,88,04/11/1997,Reconhecimento,04/11/1997,Poxoréu
MT0217000,PA IRIRIZINHO,GUARANTA DO NORTE,"7.250,57",71,102,3,1,115,19/12/1997,Arrecadação,19/08/2002,Guarantã Do Norte
MT0218000,PA WESLEY MANOEL DOS SANTOS,SINOP,"38.274,63",513,547,5,1,103,26/11/1997,Desapropriação,18/10/1996,Sinop
MT0219000,PA CAMPO LIMPO,POCONE,"979,8124",46,49,3,1,8,12/02/1998,Desapropriação,01/10/1997,Poconé
MT0221000,PA SADIA III,VARZEA GRANDE,"5.003,58",150,151,3,1,9,12/02/1998,Desapropriação,09/06/1997,Várzea Grande
MT0222000,PE RESISTÊNCIA,SANTO ANTONIO DO LEVERGER,"2.840,55",117,120,4,3,15,02/03/1998,Reconhecimento,02/03/1998,Santo Antônio Do Leverger
MT0223000,PA RIOZINHO,NOVA OLIMPIA,"2.541,00",71,71,3,1,29,29/04/1998,Desapropriação,10/12/1997,Nova Olímpia
MT0224000,PA COQUEIRO,RONDONOPOLIS,"1.231,86",41,41,6,1,30,05/05/1998,Desapropriação,15/01/1998,Rondonópolis
MT0225000,PA DOIS IRMÃOS,GUIRATINGA,"1.495,05",59,60,5,1,43,18/06/1998,Desapropriação,15/01/1998,Guiratinga
MT0227000,PA VALE DO SOL,NOVA OLIMPIA,"2.300,00",57,52,3,1,40,27/05/1998,Desapropriação,19/12/1997,Nova Olímpia
MT0228000,PA PADRE JOSIMO TAVARES,SAO JOSE DO POVO,"3.152,43",115,120,4,1,52,06/07/1998,Desapropriação,04/12/1997,São José Do Povo
MT0230000,PA ESTRELA DO ORIENTE,NOSSA SENHORA DO LIVRAMENTO,"2.272,49",82,88,3,1,67,31/07/1998,Desapropriação,03/03/1998,Nossa Senhora Do Livramento
MT0231000,PA SANTO ANTONIO,GUIRATINGA,"5.187,37",63,63,3,1,119,28/12/1998,Desapropriação,28/12/1998,Guiratinga
MT0232000,PA SANTA TEREZINHA II,NOVA UBIRATA,"9.826,61",150,1410,3,1,60,13/07/1998,Desapropriação,03/02/1998,Nova Ubiratã
MT0233000,"PA BOA ESPERANÇA I, II E III",NOVA UBIRATA,"32.040,93",366,409,6,1,59,13/07/1998,Desapropriação,13/07/1998,Nova Ubiratã
MT0234000,PA PINGOS DÁGUA,QUERENCIA,"38.811,68",556,551,3,1,56,09/07/1998,Desapropriação,09/01/1998,Querência
MT0235000,PA NOSSA SENHORA DO CARMO,ITIQUIRA,"5.341,88",80,80,6,1,66,31/07/1998,Desapropriação,03/03/1998,Itiquira
MT0236000,PA SÃO JOSÉ DA VILA RICA,VILA RICA,"14.076,21",157,256,4,1,112,28/12/1998,Desapropriação,28/12/1998,Vila Rica
MT0237000,PA IPE,VILA RICA,"12.043,99",215,211,3,1,115,28/12/1998,Desapropriação,28/12/1998,Vila Rica
MT0239000,PA SANTO ANTONIO DO FONTOURA I,CONFRESA,"40.287,31",521,526,5,1,9,28/01/1999,Desapropriação,24/08/1998,Confresa
MT0240000,PA SANTA CLARA,SANTA CRUZ DO XINGU,"19.680,34",261,390,3,1,21,10/02/2000,Desapropriação,10/12/1998,Santa Cruz Do Xingu
MT0241000,PA BRASIPAIVA,SAO JOSE DO XINGU,"9.011,60",151,151,6,1,96,28/07/1999,Desapropriação,10/12/1998,São José Do Xingu
MT0242000,PA MÃE MARIA,ALTO BOA VISTA,"24.762,79",479,479,3,1,23,16/03/1999,Desapropriação,17/08/1998,Alto Boa Vista
MT0243000,PA VALE DO SERINGAL,CASTANHEIRA,"35.986,88",577,583,3,1,114,28/12/1998,Desapropriação,22/07/1998,Castanheira
MT0244000,PA VALE DO AMANHECER,JURUENA,"14.751,08",223,250,6,1,120,28/12/1998,Desapropriação,14/11/1998,Juruena
MT0247000,PA SANTA LUZIA I,TAPURAH,"3.107,80",73,71,6,1,15,24/02/1999,Desapropriação,30/04/1998,Tapurah
MT0248000,PA CRISTALMEL,IPIRANGA DO NORTE,"3.493,00",51,51,3,1,111,28/12/1998,Desapropriação,13/04/1998,Ipiranga Do Norte
MT0249000,PA GUAPIRAMA,CAMPO NOVO DO PARECIS,"3.293,76",54,55,3,1,107,14/12/1998,Desapropriação,28/05/1998,Campo Novo Do Parecis
MT0250000,PA BOGORNI,IPIRANGA DO NORTE,"3.780,18",54,57,3,1,109,28/12/1998,Desapropriação,16/06/1998,Ipiranga Do Norte
MT0251000,PA SAO FRANCISCO I,NORTELANDIA,"2.092,05",68,71,6,1,102,20/11/1998,Desapropriação,19/12/1997,Nortelândia
MT0252000,PA MOGIANA II,IPIRANGA DO NORTE,"1.633,00",20,22,5,1,110,28/12/1998,Desapropriação,29/03/1976,Ipiranga Do Norte
MT0253000,PA ESCONDIDO,JUARA,"4.976,00",59,145,3,1,22,10/02/2000,Desapropriação,10/02/2000,Juara
MT0256000,PA BOSMAGI,NOVO HORIZONTE DO NORTE,"1.222,59",37,37,3,1,124,13/10/1999,Desapropriação,16/06/1999,Novo Horizonte Do Norte
MT0257000,PA CARACOL,NOVO HORIZONTE DO NORTE,"1.980,67",65,66,5,1,122,13/10/1999,Desapropriação,02/06/1998,Novo Horizonte Do Norte
MT0258000,PA JULIETA II,NOVO HORIZONTE DO NORTE,"3.078,15",106,107,3,1,121,13/10/1999,Desapropriação,13/08/1998,Novo Horizonte Do Norte
MT0259000,PA SANTANA DÁGUA LIMPA,SAO JOSE DO RIO CLARO,"18.904,39",397,471,3,1,97,29/07/1999,Desapropriação,19/11/1998,São José Do Rio Claro
MT0261000,PA SANDRINI,SAO JOSE DO POVO,"1.649,22",71,72,6,1,106,14/12/1998,Compra e Venda,04/12/1998,São José Do Povo
MT0262000,PA RIO BRANCO,NOVA OLIMPIA,"6.300,00",90,90,4,1,142,10/12/1999,Desapropriação,22/12/1997,Nova Olímpia
MT0263000,PA SANTO ANTONIO DA ALDEIA,POXOREO,"1.706,09",62,63,3,1,117,28/12/1998,Desapropriação,07/10/1998,Poxoréu
MT0264000,PA SÃO MANOEL,QUERENCIA,"13.566,15",178,183,3,1,8,28/01/1999,Desapropriação,28/01/1999,Querência
MT0265000,PA PONTAL DO MARAPE,NOVA MUTUM,"27.638,13",361,360,3,1,121,31/12/1998,Desapropriação,12/08/1998,Nova Mutum
MT0268000,PA SANTA HELENA III,ROSARIO OESTE,"1.660,06",37,40,3,1,103,27/11/1998,Desapropriação,06/11/1997,Rosário Oeste
MT0269000,PA SANTANA DO TAQUARAL,SANTO ANTONIO DO LEVERGER,"4.595,36",98,97,3,1,6,25/01/1999,Desapropriação,25/01/1999,Santo Antônio Do Leverger
MT0274000,PA BARRANQUEIRA,CACERES,"2.326,05",90,90,3,1,5,20/01/1999,Desapropriação,08/10/1997,Cáceres
MT0275000,PA SÃO SATURNINO,MIRASSOL D'OESTE,"2.927,00",113,114,3,1,114,04/08/2000,Desapropriação,19/08/2002,Mirassol D'oeste
MT0278000,PA ROSELI NUNES,MIRASSOL D'OESTE,"10.611,40",331,331,3,1,3,02/04/2001,Desapropriação,25/09/1998,Mirassol D'oeste
MT0282000,PA IPÊ ROXO,CACERES,"1.247,00",27,30,3,1,122,31/12/1998,Desapropriação,03/07/1998,Cáceres
MT0291000,PCA SANTA CARMEM (CASULO),SANTA CARMEM,121,35,40,3,7,94,30/09/1998,Reconhecimento,05/06/1998,Santa Carmem
MT0292000,PA RIBEIRÃO DA GLÓRIA,SANTO ANTONIO DO LEVERGER,"964,4472",38,38,3,1,7,25/01/1999,Desapropriação,01/10/1997,Santo Antônio Do Leverger
MT0293000,PA ALMINHAS,POXOREO,"1.810,00",68,70,3,1,133,17/11/1999,Desapropriação,17/11/1999,Poxoréu
MT0294000,PA TAMBORIL,NOVO SAO JOAQUIM,"1.343,11",57,60,3,1,113,28/12/1998,Desapropriação,16/07/1998,Novo São Joaquim
MT0295000,PA UNIÃO FLOR DA SERRA,NOVA CANAA DO NORTE,"844,5937",32,32,5,1,82,23/08/2000,Arrecadação,02/01/1985,Nova Canaã Do Norte
MT0296000,PCA NOVO HORIZONTE DO NORTE,NOVO HORIZONTE DO NORTE,"106,68",26,26,3,7,96,19/10/1998,Reconhecimento,19/10/1998,Novo Horizonte Do Norte
MT0297000,PA JAPURANÃ,NOVA BANDEIRANTES,"66.891,29",933,950,4,1,86,02/07/1999,Desapropriação,25/09/1998,Nova Bandeirantes
MT0298000,PCA  AGUAÇÚ,CUIABA,"221,4741",35,35,4,7,24,17/03/1999,Reconhecimento,18/01/1999,Cuiabá
MT0299000,PA TRIUNFO,PONTES E LACERDA,"11.500,00",326,326,3,1,23,10/02/2000,Desapropriação,10/11/1999,Pontes E Lacerda
MT0300000,PA COLORADO,PARANATINGA,"7.896,00",172,181,3,1,95,26/07/1999,Desapropriação,26/07/1999,Paranatinga
MT0301000,PA ÁGUAS DA SERRA,RONDONOPOLIS,440,18,18,3,1,105,17/12/1998,Desapropriação,07/07/1998,Rondonópolis
MT0302000,PA PAULO FREIRE,CAMPO VERDE,"902,7416",30,29,3,1,139,10/12/1999,Desapropriação,30/06/1999,Campo Verde
MT0303000,PA 17 DE MARÇO,RONDONOPOLIS,"3.144,41",99,99,6,1,16,24/02/1999,Desapropriação,06/10/1998,Rondonópolis
MT0304000,PA COLNIZA - II,COLNIZA,"3.400,64",3,120,3,1,1,20/01/1999,Desapropriação,20/08/1998,Colniza
MT0305000,PA COLNIZA-I,COLNIZA,"44.023,70",969,1016,3,1,118,28/12/1998,Desapropriação,17/08/1998,Colniza
MT0306000,PA ESCOL SUL,COLNIZA,"26.439,11",457,500,3,1,2,20/01/1999,Desapropriação,20/01/1999,Colniza
MT0307000,PA NATAL,COLNIZA,"12.421,07",218,249,3,1,10,28/01/1999,Desapropriação,10/02/1998,Colniza
MT0308000,PA SÃO GABRIEL,VILA RICA,"2.014,12",37,40,3,1,116,28/12/1998,Desapropriação,17/08/1998,Vila Rica
MT0309000,PA RAIZAMA,ROSARIO OESTE,"2.439,50",85,85,3,1,3,20/01/1999,Desapropriação,08/10/1997,Rosário Oeste
MT0311000,PA CÓRREGO RICO,ALTO ARAGUAIA,"1.532,81",48,48,3,1,56,14/04/1999,Desapropriação,12/11/1998,Alto Araguaia
MT0312000,PA PALOMA,BRASNORTE,"8.541,22",86,85,6,1,57,20/04/1999,Desapropriação,17/04/1998,Brasnorte
MT0313000,PA CORIXO,CACERES,"3.413,18",73,73,3,1,6,05/04/2001,Desapropriação,17/09/1998,Cáceres
MT0314000,PA SAPICUÁ,CACERES,"1.249,77",38,40,6,1,114,30/08/1999,Desapropriação,17/11/1998,Cáceres
MT0315000,PA LIMOEIRO,CACERES,"8.649,39",162,172,3,1,6,02/02/2000,Desapropriação,12/05/1999,Cáceres
MT0316000,PA SANTO ANTONIO DO FONTOURA III,CONFRESA,"12.375,05",123,127,6,1,84,23/06/1999,Desapropriação,23/06/1999,Confresa
MT0317000,PCA CHÃO DO AMANHÃ,SORRISO,80,25,25,4,7,126,22/10/1999,Reconhecimento,10/09/1999,Sorriso
MT0318000,PCA CASULO II,NOVO HORIZONTE DO NORTE,121,33,33,4,7,19,27/04/2001,Reconhecimento,01/11/1999,Novo Horizonte Do Norte
MT0319000,PCA NOVA MARINGÁ,NOVA MARINGA,290,30,32,3,7,113,26/08/1999,Reconhecimento,19/08/2002,Nova Maringá
MT0320000,PCA SÃO PEDRO I,ALTO PARAGUAI,200,42,50,3,7,129,12/11/1999,Reconhecimento,12/11/1999,Alto Paraguai
MT0321000,PA JOÃO DE BARRO,POXOREO,982,34,38,3,1,14,10/02/2000,Desapropriação,19/08/2002,Poxoréu
MT0322000,PA JOÃO PESSOA,SAO JOSE DO POVO,"2.757,39",111,112,3,1,140,10/12/1999,Desapropriação,14/07/1999,São José Do Povo
MT0323000,PA SANTO ANTONIO DO FONTOURA II,CONFRESA,"6.269,79",93,160,6,1,123,15/10/1999,Desapropriação,01/11/1999,Confresa
MT0324000,PA TIETÊ,POXOREO,726,27,37,6,1,131,16/11/1999,Desapropriação,18/09/1998,Poxoréu
MT0325000,PA CARLOS MARIGHELA-PONTAL DA AREIA,POXOREO,"5.317,84",166,166,3,1,138,10/12/1999,Desapropriação,16/06/1999,Poxoréu
MT0326000,PA SANTO ANTONIO DO NORTE,PEDRA PRETA,"994,4946",47,48,3,1,16,10/02/2000,Desapropriação,10/02/2000,Pedra Preta
MT0329000,PA LAGOA RICA,PONTES E LACERDA,"2.099,93",36,37,3,1,15,10/02/2000,Desapropriação,25/05/1998,Pontes E Lacerda
MT0330000,PA CEDRO ROSA,NOVA UBIRATA,"3.749,59",93,101,3,1,144,10/12/1999,Desapropriação,05/08/1999,Nova Ubiratã
MT0331000,PA SANTO ANTONIO DO BELEZA,VILA RICA,"11.573,39",167,217,3,1,16,10/04/2001,Desapropriação,10/04/2001,Vila Rica
MT0332000,PA REUNIDAS,SANTA TEREZINHA,"18.096,64",238,300,4,1,127,09/10/1999,Desapropriação,14/12/1998,Santa Terezinha
MT0333000,PCA ARINOS,JUARA,84,35,32,4,7,136,19/11/1999,Reconhecimento,31/08/1999,Juara
MT0339000,PA BELEZA,JUSCIMEIRA,"6.857,38",149,153,6,1,12,04/02/2000,Desapropriação,22/10/1999,Juscimeira
MT0340000,PCA MATEIRINHA,GUIRATINGA,"75,841",27,27,3,7,137,10/11/1999,Reconhecimento,20/09/2001,Guiratinga
MT0344000,PA SANTO ANTONIO DA FARTURA,CAMPO VERDE,"7.579,97",245,266,3,1,26,04/06/2001,Desapropriação,19/08/2002,Campo Verde
MT0346000,PA MONTE VERDE,NOVA MONTE VERDE,"8.098,65",118,450,3,1,44,17/03/2000,Desapropriação,18/10/1999,Nova Monte Verde
MT0347000,PA PONTAL DO GLÓRIA,SANTO ANTONIO DO LEVERGER,"3.306,65",119,110,3,1,24,14/02/2000,Desapropriação,12/05/1999,Santo Antônio Do Leverger
MT0349000,PA SÃO VICENTE,CONFRESA,"31.273,34",350,630,4,1,34,28/02/2000,Desapropriação,23/11/1999,Confresa
MT0350000,PA SANTA ROSA II,SORRISO,"16.883,41",183,177,3,1,141,10/12/1999,Desapropriação,27/01/1999,Sorriso
MT0352000,PA NOVA ESPERANÇA I,ALTO PARAGUAI,"3.631,00",79,82,3,1,45,17/05/2000,Desapropriação,23/08/2000,Alto Paraguai
MT0356000,PA CACHIMBO II,PEIXOTO DE AZEVEDO,"48.453,79",793,923,3,1,20,10/02/2000,Desapropriação,28/07/1999,Peixoto De Azevedo
MT0357000,PA TRIUNFO,PONTES E LACERDA,"11.026,98",1,329,3,1,23,10/02/2000,Desapropriação,10/11/1999,Pontes E Lacerda
MT0360000,PA JURUENA I,BRASNORTE,"14.417,17",268,359,4,1,36,29/02/2000,Desapropriação,19/08/2002,Brasnorte
MT0361000,PA AGROANA/GIRAU,POCONE,"5.758,38",173,176,6,1,77,20/07/2000,Desapropriação,06/01/1999,Poconé
MT0364000,PA WILSON MEDEIROS,PEDRA PRETA,"2.929,00",105,108,3,1,83,29/08/2000,Desapropriação,19/08/2002,Pedra Preta
MT0366000,PA VALE DA ESPERANÇA,NOVA GUARITA,"1.287,17",24,24,3,1,84,01/09/2000,Arrecadação,01/09/2000,Nova Guarita
MT0429000,PE GUARIBA,COLNIZA,"315.200,00",125,124,4,3,88,29/09/2000,Reconhecimento,24/09/2000,Colniza
MT0430000,PE 1º DE MAIO,COLNIZA,"17.246,20",380,487,3,3,87,29/09/2000,Reconhecimento,29/09/2000,Colniza
MT0441000,PE JANGADA RONCADOR,CHAPADA DOS GUIMARAES,"18.708,82",278,280,4,3,94,04/10/2000,Reconhecimento,04/10/2000,Chapada Dos Guimarães
MT0442000,PE TARUMÃ,GUIRATINGA,"388,9503",24,24,4,3,93,04/10/2000,Reconhecimento,04/10/2000,Guiratinga
MT0443000,PE JOÃO PONCE DE ARRUDA,POCONE,"8.004,89",53,60,4,3,92,04/10/2000,Reconhecimento,04/10/2000,Poconé
MT0444000,PA FLORESTAN FERNANDES,ARAPUTANGA,"4.551,12",153,153,3,1,85,04/09/2000,Desapropriação,22/07/1998,Araputanga
MT0457000,PA POUSO ALEGRE,SAO JOSE DO RIO CLARO,"2.264,47",50,47,3,1,2,02/04/2001,Desapropriação,21/12/1999,São José Do Rio Claro
MT0458000,PA SANTO EXPEDITO,JUSCIMEIRA,"1.134,00",39,60,3,1,5,03/04/2001,Desapropriação,19/08/2002,Juscimeira
MT0459000,PE SERRA DAS LARANJEIRAS,CUIABA,800,22,43,3,3,13,09/04/2001,Reconhecimento,09/04/2001,Cuiabá
MT0460000,PE PAI JOAQUIM,CUIABA,"1.500,00",96,100,4,3,11,09/04/2001,Reconhecimento,09/04/2001,Cuiabá
MT0461000,PE NOVA ESPERANÇA,NOSSA SENHORA DO LIVRAMENTO,"93,7856",0,60,3,3,7,09/04/2001,Reconhecimento,09/04/2001,Nossa Senhora Do Livramento
MT0462000,PE COLINAS VERDES,POXOREO,"2.500,00",28,115,3,3,8,09/04/2001,Reconhecimento,09/04/2001,Poxoréu
MT0463000,PE NOVO HORIZONTE,JANGADA,"51,4237",18,25,4,3,9,09/04/2001,Reconhecimento,09/04/2001,Jangada
MT0464000,PE VILA RURAL JULIO FIRMINO DOMINGUES,ALTA FLORESTA,250,175,178,3,3,10,09/04/2001,Reconhecimento,09/04/2001,Alta Floresta
MT0465000,PE PEDRA NOVENTA,CUIABA,"1.905,00",475,569,3,3,12,09/04/2001,Reconhecimento,09/04/2001,Cuiabá
MT0466000,PE MATA BONITA,UNIAO DO SUL,"667,12",0,97,4,3,14,09/04/2001,Reconhecimento,09/04/2001,União Do Sul
MT0467000,PE ANNA PAULA,NOVA CANAA DO NORTE,"25.851,00",244,292,4,3,15,09/04/2001,Reconhecimento,09/04/2001,Nova Canaã Do Norte
MT0468000,PA SANTA CÁSSIA,GENERAL CARNEIRO,"5.026,89",135,139,3,1,17,11/04/2001,Desapropriação,21/12/1999,General Carneiro
MT0469000,PE GLEBA DIVISA,NOVO MUNDO,"336.987,62",1112,1852,4,3,21,16/05/2001,Reconhecimento,16/05/2001,Novo Mundo
MT0470000,PA 04 DE OUTUBRO,CAMPO VERDE,"959,0767",45,45,3,1,25,04/06/2001,Desapropriação,04/06/2001,Campo Verde
MT0471000,PA SALETE STROZAK,GUIRATINGA,"756,4093",32,32,6,1,27,04/06/2001,Desapropriação,04/06/2001,Guiratinga
MT0472000,PA DORCELINA FOLADOR,VARZEA GRANDE,"960,7932",33,33,6,1,32,13/07/2001,Desapropriação,19/08/2002,Várzea Grande
MT0473000,PA FRANCISCO JOSÉ NASCIMENTO,NOSSA SENHORA DO LIVRAMENTO,"4.286,57",85,103,3,1,36,02/08/2001,Desapropriação,01/07/1999,Nossa Senhora Do Livramento
MT0475000,PCA SÃO FRANCISCO DE PAULA,NOVA MARILANDIA,156,74,74,3,7,40,29/08/2001,Reconhecimento,18/01/1999,Nova Marilândia
MT0476000,PCA ARCO IRIS,CASTANHEIRA,50,17,18,4,7,43,27/09/2001,Reconhecimento,08/11/2001,Castanheira
MT0477000,PE SALTINHO,DIAMANTINO,"2.453,00",43,55,4,3,47,10/10/2001,Reconhecimento,10/10/2001,Diamantino
MT0478000,PA MARIA DE OLIVEIRA,NOVA MUTUM,"470,5134",8,9,3,1,44,04/10/2001,Arrecadação,04/10/2001,Nova Mutum
MT0479000,PA MARIA DE OLIVEIRA I,NOVA MUTUM,"1.760,70",23,24,3,1,45,04/10/2001,Arrecadação,23/08/1984,Nova Mutum
MT0480000,PE BRUMADO,ALTO PARAGUAI,"916,032",38,42,4,3,53,21/11/2001,Reconhecimento,21/11/2001,Alto Paraguai
MT0481000,PA CAETÉ,DIAMANTINO,"9.724,53",235,237,3,1,51,13/11/2001,Desapropriação,12/11/2001,Diamantino
MT0482000,PCA VILA NOVA,NOVA MARILANDIA,398,138,140,4,7,52,27/11/2001,Desapropriação,18/11/2005,Nova Marilândia
MT0483000,PE FACÃO,CACERES,"1.639,96",78,102,4,3,54,21/11/2001,Reconhecimento,21/11/2001,Cáceres
MT0484000,PE RIO CUIABÁ,JANGADA,"949,8631",31,35,3,3,56,26/11/2001,Reconhecimento,26/11/2001,Jangada
MT0485000,PE SAMAMBAIA,JANGADA,"1.259,70",66,80,4,3,57,26/11/2001,Reconhecimento,26/11/2001,Jangada
MT0486000,PE VIDA NOVA,JANGADA,"6.359,78",340,350,3,3,58,26/11/2001,Reconhecimento,26/11/2001,Jangada
MT0487000,PE CANOA FURADA,JANGADA,"1.259,00",17,22,3,3,59,26/11/2001,Reconhecimento,26/11/2001,Jangada
MT0488000,PE GIRASSOL,JANGADA,"4.715,76",331,351,4,3,60,26/11/2001,Reconhecimento,26/11/2001,Jangada
MT0489000,PE TIRA BARRO,JANGADA,"522,3138",45,45,4,3,61,26/11/2001,Reconhecimento,26/11/2001,Jangada
MT0490000,PE RIBEIRÃO DAS PEDRAS,JANGADA,"3.545,00",66,71,4,3,62,26/11/2001,Reconhecimento,26/11/2001,Jangada
MT0491000,PA GUAPORÉ,VILA BELA DA SANTISSIMA TRINDADE,"14.380,31",164,180,6,1,63,28/11/2001,Desapropriação,28/11/2001,Vila Bela Da Santíssima Trindade
MT0492000,PA NOSSA SENHORA APARECIDA,DIAMANTINO,"581,9178",12,13,4,1,64,28/11/2001,Desapropriação,27/09/2000,Diamantino
MT0493000,PA SÃO JOSÉ OPERÁRIO,PEDRA PRETA,"1.464,70",28,30,3,1,66,04/12/2001,Desapropriação,27/09/2000,Pedra Preta
MT0494000,PA BARRA NORTE,NOVO MUNDO,"3.701,94",68,74,4,1,65,04/12/2001,Arrecadação,04/12/2001,Novo Mundo
MT0495000,PA JONAS PINHEIRO,SORRISO,"7.305,34",396,447,3,1,67,17/12/2001,Desapropriação,12/11/1999,Sorriso
MT0498000,PE PAREDÃO,JANGADA,"1.691,51",75,80,3,3,19,21/03/2002,Reconhecimento,03/04/2002,Jangada
MT0499000,PE CANA BRAVA I,CANABRAVA DO NORTE,"10.885,87",92,110,3,3,20,01/04/2002,Reconhecimento,01/04/2002,Canabrava Do Norte
MT0500000,GLEBA VALE DO TARTARUGA,SORRISO,"51.700,00",13,120,3,16,21,01/01/2002,Arrecadação,01/04/1980,Sorriso
MT0504000,GLEBA ONÇA MAGRA,BARRA DO BUGRES,"18.056,00",0,107,3,16,222,15/02/1982,Arrecadação,,Barra Do Bugres
MT0505000,PA SÃO LOURENÇO,DOM AQUINO,"309,0092",0,55,4,3,48,08/07/2002,Reconhecimento,17/06/2002,Dom Aquino
MT0506000,"GLEBAS MESTRE 1,2,3,4,5,6,7,8,9 E 10",SANTO ANTONIO DO LEVERGER,"18.416,00",0,100,3,16,222,12/02/1972,Arrecadação,,Santo Antônio Do Leverger
MT0508000,GLEBA BEIJA FLOR,NOBRES,"28.870,00",2,19,6,16,0,18/03/1980,Arrecadação,,Nobres
MT0510000,GLEBA PETITA,CAMPO VERDE,"35.000,00",1,100,3,16,111,15/01/1999,Arrecadação,,Campo Verde
MT0511000,GLEBA LARANJAL,CHAPADA DOS GUIMARAES,"19.500,56",0,200,3,16,1,15/01/1977,Arrecadação,,Chapada Dos Guimarães
MT0515000,GLEBA RIO VERDE,SORRISO,"98.680,00",9,165,6,16,0,18/03/1980,Discriminação,,Sorriso
MT0516000,GLEBA PONTAL DO VERDE,SORRISO,"98.680,00",33,165,6,16,0,18/03/1980,Arrecadação,,Sorriso
MT0520000,GLEBA RESSAÇÃO DO BURITI,ACORIZAL,"45.500,56",0,100,3,16,222,02/02/1982,,,Acorizal
MT0600000,PE IGARAPÉ DO BRUNO,APIACAS,"9.843,17",176,237,4,3,21,01/04/2002,Reconhecimento,01/04/2002,Apiacás
MT0601000,PE BAXIU,BARRA DO BUGRES,"189,5288",16,16,4,3,22,01/04/2002,Reconhecimento,01/04/2002,Barra Do Bugres
MT0602000,PE SELA DOURADA,NOBRES,"14.684,01",78,128,4,3,45,12/06/2002,Reconhecimento,12/06/2002,Nobres
MT0603000,PE LONTRA,ARIPUANA,"66.000,00",125,195,4,3,46,17/06/2002,Reconhecimento,17/06/2002,Aripuanã
MT0604000,PE RP,PORTO ALEGRE DO NORTE,"10.849,00",94,140,4,3,47,17/06/2002,Reconhecimento,17/06/2002,Porto Alegre Do Norte
MT0605000,PE SÃO LOURENÇO,DOM AQUINO,"309,0092",51,53,4,3,48,17/06/2002,Reconhecimento,17/06/2002,Dom Aquino
MT0606000,PA SERRA DA ESPERANÇA,ALTO PARAGUAI,"2.581,40",45,70,3,1,78,09/09/2002,Desapropriação,31/08/2001,Alto Paraguai
MT0607000,PA GUERREIRO,RIBEIRAO CASCALHEIRA,"10.606,84",167,127,3,1,79,09/09/2002,Desapropriação,31/08/2001,Ribeirão Cascalheira
MT0608000,PA GAVIÃO,DENISE,"1.452,00",35,37,3,1,80,13/09/2002,Desapropriação,06/08/2001,Denise
MT0609000,PA CECILIA ANTUNES,SALTO DO CEU,"1.250,61",48,46,3,1,81,09/09/2002,Desapropriação,18/08/2001,Salto Do Céu
MT0610000,PA NOSSA SENHORA DA ESPERANÇA,ROSARIO OESTE,"4.505,36",107,104,3,1,83,11/09/2002,Arrecadação,11/09/2002,Rosário Oeste
MT0611000,PCA BRIANORTE,NOVA MARINGA,"475,302",20,20,3,7,84,17/09/2002,Reconhecimento,17/09/2002,Nova Maringá
MT0614000,PA AQUARIUS,PEIXOTO DE AZEVEDO,"1.219,39",23,25,4,1,98,29/10/2002,Arrecadação,22/10/2002,Peixoto De Azevedo
MT0616000,PA SANTA EMILIA,BARRA DO GARCAS,"1.397,89",41,45,4,1,117,20/12/2002,Desapropriação,21/12/2001,Barra Do Garças
MT0621000,PA RIO PRETO,DIAMANTINO,"1.081,92",12,25,3,1,111,30/11/2002,Arrecadação,30/11/2002,Diamantino
MT0626000,PA TABAJARA,CANABRAVA DO NORTE,"4.330,05",60,61,3,1,112,05/12/2002,Desapropriação,27/09/2000,Canabrava Do Norte
MT0627000,PA BOM SUCESSO,CACERES,"433,2607",13,14,3,1,116,18/12/2002,Arrecadação,18/12/2002,Cáceres
MT0629000,PA FLEXAS,CACERES,"312,3792",9,13,10,1,115,18/12/2002,Arrecadação,18/12/2002,Cáceres
MT0630000,PA BEIJA-FLOR,TERRA NOVA DO NORTE,932,17,17,3,1,113,18/12/2002,Arrecadação,18/12/2002,Terra Nova Do Norte
MT0631000,PE VALE DO SÃO VICENTE,SANTO ANTONIO DO LEVERGER,"1.394,69",80,80,4,3,120,20/12/2002,Reconhecimento,20/12/2002,Santo Antônio Do Leverger
MT0634000,PA SADIA VALE VERDE,CACERES,"13.607,67",439,439,3,1,15,24/04/2003,Compra e Venda,24/04/2003,Cáceres
MT0635000,PA SANTA CRUZ,AGUA BOA,"4.767,00",111,113,6,1,21,23/06/2003,Desapropriação,31/08/2001,Água Boa
MT0636000,PA RAIMUNDO ROCHA,NORTELANDIA,"6.744,22",191,194,3,1,31,10/07/2003,Desapropriação,06/11/2002,Nortelândia
MT0637000,PE BARRA DO RIBEIRÃO,CHAPADA DOS GUIMARAES,"491,851",59,65,4,3,44,02/09/2003,Reconhecimento,02/09/2003,Chapada Dos Guimarães
MT0638000,PE VALE DO CACHOEIRINHA,JACIARA,"85,0897",9,9,4,3,45,04/09/2003,Reconhecimento,04/09/2003,Jaciara
MT0639000,PA SANTA CELIA,CAMPINAPOLIS,"9.934,72",273,275,3,1,47,09/09/2003,Desapropriação,25/02/2003,Campinápolis
MT0640000,PA BELMONTE,PEIXOTO DE AZEVEDO,"1.276,70",37,80,3,1,48,09/09/2003,Desapropriação,05/08/2001,Peixoto De Azevedo
MT0641000,PA VALE DO ARINOS,JUARA,"22.800,37",238,243,3,1,49,09/09/2003,Desapropriação,09/09/2003,Juara
MT0642000,PA BR-070,PRIMAVERA DO LESTE,"1.050,54",37,38,3,1,50,10/09/2003,Desapropriação,18/07/2002,Primavera Do Leste
MT0643000,PE AGUIA,ACORIZAL,"19.819,91",212,275,4,3,99,02/12/2003,Reconhecimento,16/10/2003,Acorizal
MT0644000,PE KARAJAS,ROSARIO OESTE,"2.575,13",96,28,4,3,62,04/11/2003,Reconhecimento,04/11/2003,Rosário Oeste
MT0645000,PE BORORO,ROSARIO OESTE,"6.924,54",41,50,4,3,63,04/11/2003,Reconhecimento,04/11/2003,Rosário Oeste
MT0646000,PE SOCO,ROSARIO OESTE,"1.562,18",73,80,4,3,64,04/11/2003,Reconhecimento,04/11/2003,Rosário Oeste
MT0647000,PE XORORÓ,ROSARIO OESTE,"2.522,15",125,150,4,3,65,04/11/2003,Reconhecimento,04/11/2003,Rosário Oeste
MT0648000,PE KADVEL,ROSARIO OESTE,"1.147,80",27,25,4,3,66,04/11/2003,Reconhecimento,15/10/2003,Rosário Oeste
MT0649000,PE XAVANTE - I,ROSARIO OESTE,"1.649,94",27,45,4,3,67,04/11/2003,Reconhecimento,04/11/2003,Rosário Oeste
MT0650000,PE TUPINAMBÁ,ROSARIO OESTE,"91,9675",20,22,4,3,68,04/11/2003,Reconhecimento,04/11/2003,Rosário Oeste
MT0651000,PE TIJUCA,ROSARIO OESTE,"2.414,78",115,130,4,3,69,04/11/2003,Reconhecimento,04/11/2003,Rosário Oeste
MT0652000,PE TAMOIO,ROSARIO OESTE,"944,6187",16,30,4,3,81,04/11/2003,Reconhecimento,04/11/2003,Rosário Oeste
MT0653000,PE FORQUILHA DO RIO ARRUDA,ROSARIO OESTE,"12.691,29",184,117,4,3,70,04/11/2003,Reconhecimento,04/11/2003,Rosário Oeste
MT0654000,PE TUCANO,ROSARIO OESTE,"115,452",3,18,4,3,71,04/11/2003,Reconhecimento,15/11/2003,Rosário Oeste
MT0655000,PE MANDIOCAL,ROSARIO OESTE,"2.141,76",141,150,4,3,72,04/11/2003,Reconhecimento,04/11/2003,Rosário Oeste
MT0656000,PE CANARIO,ROSARIO OESTE,"722,1238",5,15,3,3,73,04/11/2003,Reconhecimento,13/10/2003,Rosário Oeste
MT0657000,PE BAKAIRI,ROSARIO OESTE,"507,2211",7,18,4,3,74,04/11/2003,Reconhecimento,13/10/2003,Rosário Oeste
MT0658000,PE JOÃO DE BARRO,ROSARIO OESTE,"1.187,95",30,50,4,3,75,04/11/2003,Reconhecimento,04/11/2003,Rosário Oeste
MT0659000,PE CACHOEIRINHA,ROSARIO OESTE,"2.154,08",68,85,3,3,76,04/11/2003,Reconhecimento,04/11/2003,Rosário Oeste
MT0660000,PE MORRO GRANDE,SANTO ANTONIO DO LEVERGER,"1.070,39",255,203,4,3,77,13/11/2003,Reconhecimento,04/11/2003,Santo Antônio Do Leverger
MT0661000,PE BREJINHO,SANTO ANTONIO DO LEVERGER,"5.281,49",65,70,4,3,78,04/11/2003,Reconhecimento,13/10/2003,Santo Antônio Do Leverger
MT0662000,PE IMACULADO CORAÇÃO DE MARIA,ARENAPOLIS,"266,5633",73,73,4,3,79,04/11/2003,Reconhecimento,04/11/2003,Arenápolis
MT0663000,PE TUCUM,CUIABA,"7.938,13",81,110,4,3,80,04/11/2003,Reconhecimento,04/11/2003,Cuiabá
MT0664000,PE MATADOURO,POCONE,"79,6092",42,42,4,3,82,04/11/2003,Reconhecimento,04/11/2003,Poconé
MT0665000,PE CONQUISTA,CUIABA,"366,8085",25,25,3,3,83,04/11/2003,Reconhecimento,04/11/2003,Cuiabá
MT0666000,PCA MULHER,RESERVA DO CABACAL,"141,25",35,35,3,7,88,11/11/2003,Reconhecimento,20/11/1980,Reserva Do Cabaçal
MT0667000,PA RIBEIRÃO GRANDE - III,NOVA MUTUM,"1.597,53",27,27,6,1,90,24/11/2003,Arrecadação,24/11/2003,Nova Mutum
MT0668000,PA KATIRA,CACERES,"1.886,37",48,48,3,1,93,27/09/2003,Desapropriação,05/09/2002,Cáceres
MT0669000,PE AGROVILA DAS ARARAS,PONTAL DO ARAGUAIA,"42,6999",24,26,4,3,94,02/12/2003,Reconhecimento,16/10/2003,Pontal Do Araguaia
MT0670000,PE SANTANA,NOSSA SENHORA DO LIVRAMENTO,"93,7834",44,44,4,3,95,27/11/2003,Reconhecimento,27/11/2003,Nossa Senhora Do Livramento
MT0671000,PE BEIRA RIO,ACORIZAL,"10.358,87",705,746,3,3,97,02/12/2003,Reconhecimento,02/12/2003,Acorizal
MT0672000,PE BREJINHO III,SANTO ANTONIO DO LEVERGER,"3.243,51",30,30,4,3,98,02/12/2003,Reconhecimento,15/10/2003,Santo Antônio Do Leverger
MT0673000,PE LAJINHA DE CIMA,NOSSA SENHORA DO LIVRAMENTO,"1.467,05",107,112,4,3,100,02/12/2003,Reconhecimento,02/12/2003,Nossa Senhora Do Livramento
MT0674000,PE VOLTA DO BANANAL,NOSSA SENHORA DO LIVRAMENTO,"43,4454",21,21,3,3,101,02/12/2003,Reconhecimento,10/11/2003,Nossa Senhora Do Livramento
MT0675000,PE CAMPO ALEGRE DE BAIXO,NOSSA SENHORA DO LIVRAMENTO,"791,5108",73,81,3,3,102,02/12/2003,Reconhecimento,10/11/2003,Nossa Senhora Do Livramento
MT0676000,PE FURNAS DO LIVRAMENTO,NOSSA SENHORA DO LIVRAMENTO,"1.104,81",43,45,4,3,103,02/12/2003,Reconhecimento,02/12/2003,Nossa Senhora Do Livramento
MT0677000,PE FIGUEIRAL,NOSSA SENHORA DO LIVRAMENTO,"1.662,33",140,140,3,3,104,02/12/2003,Reconhecimento,02/12/2003,Nossa Senhora Do Livramento
MT0678000,PE PAI ANDRE,NOSSA SENHORA DO LIVRAMENTO,"1.767,99",59,70,4,3,105,02/12/2003,Reconhecimento,10/11/2003,Nossa Senhora Do Livramento
MT0679000,PE CAMPINAS I,NOSSA SENHORA DO LIVRAMENTO,"123,7596",14,15,3,3,106,02/12/2003,Reconhecimento,10/11/2003,Nossa Senhora Do Livramento
MT0680000,PE SUCURI,NOSSA SENHORA DO LIVRAMENTO,"182,3081",14,15,4,3,107,02/12/2003,Reconhecimento,02/12/2003,Nossa Senhora Do Livramento
MT0681000,PE QUILOMBO I,NOSSA SENHORA DO LIVRAMENTO,"1.811,93",59,70,3,3,108,02/12/2003,Reconhecimento,02/12/2003,Nossa Senhora Do Livramento
MT0682000,PE CELMA I,JACIARA,"11,4364",0,5,4,3,109,02/12/2003,Reconhecimento,02/12/2003,Jaciara
MT0683000,PE PERDIZ,ACORIZAL,"8.286,45",396,398,3,3,110,02/12/2003,Reconhecimento,02/12/2003,Acorizal
MT0684000,PE CARDEAL,ROSARIO OESTE,"718,7999",31,40,3,3,111,02/12/2003,Reconhecimento,13/10/2003,Rosário Oeste
MT0685000,PE ACORIZAL,BARAO DE MELGACO,"2.122,82",224,250,3,3,112,02/12/2003,Reconhecimento,02/12/2003,Barão De Melgaço
MT0686000,PE BELGA,ROSARIO OESTE,"15.664,89",146,200,4,3,113,02/12/2003,Reconhecimento,02/12/2003,Rosário Oeste
MT0687000,PE PAVÃO,ROSARIO OESTE,"497,0678",22,30,3,3,114,02/12/2003,Reconhecimento,02/12/2003,Rosário Oeste
MT0688000,PE CURIO,ROSARIO OESTE,"2.933,98",12,17,3,3,115,02/12/2003,Reconhecimento,13/10/2003,Rosário Oeste
MT0689000,PA CABAÇAS,BARRA DO BUGRES,"7.029,45",159,203,3,1,118,12/12/2003,Desapropriação,25/02/2003,Barra Do Bugres
MT0690000,PE RENASCER -I,PONTES E LACERDA,"91,581",48,48,4,3,119,15/12/2003,Reconhecimento,15/12/2003,Pontes E Lacerda
MT0691000,PE CHAPADÃO,ROSARIO OESTE,"3.154,11",120,175,3,3,120,15/12/2003,Reconhecimento,10/12/2003,Rosário Oeste
MT0692000,PE CARRAPATINHO E LIMOEIRO,NOSSA SENHORA DO LIVRAMENTO,"1.805,11",53,53,3,3,121,18/12/2003,Reconhecimento,18/12/2003,Nossa Senhora Do Livramento
MT0693000,PE CASCAVEL,NOSSA SENHORA DO LIVRAMENTO,"46.313,34",144,150,4,3,122,18/12/2003,Reconhecimento,18/12/2003,Nossa Senhora Do Livramento
MT0694000,PE PEDRA BRANCA,NOSSA SENHORA DO LIVRAMENTO,"857,0041",22,29,4,3,124,18/12/2003,Reconhecimento,18/12/2003,Nossa Senhora Do Livramento
MT0695000,PE BRUMADO DO LIVRAMENTO,NOSSA SENHORA DO LIVRAMENTO,"685,9187",35,35,4,3,123,18/12/2003,Reconhecimento,10/12/2003,Nossa Senhora Do Livramento
MT0696000,PE BARREIRO E CANINANA,NOSSA SENHORA DO LIVRAMENTO,"1.187,30",97,100,4,3,125,18/12/2003,Reconhecimento,10/12/2003,Nossa Senhora Do Livramento
MT0697000,PE ATERRADO,NOSSA SENHORA DO LIVRAMENTO,"384,5571",21,24,3,3,127,18/12/2003,Reconhecimento,18/12/2003,Nossa Senhora Do Livramento
MT0698000,PE BURITI DO ATALHO,NOSSA SENHORA DO LIVRAMENTO,"877,3244",30,31,4,3,126,18/12/2003,Reconhecimento,10/12/2003,Nossa Senhora Do Livramento
MT0699000,PAR 07 DE SETEMBRO,RONDOLANDIA,"226.629,76",214,500,4,10,2,11/01/1982,Arrecadação,11/01/1982,Rondolândia
MT0700000,PE JACARE,NOSSA SENHORA DO LIVRAMENTO,"627,0523",75,73,3,3,5,17/02/2004,Reconhecimento,17/02/2004,Nossa Senhora Do Livramento
MT0702000,PA FREI SERVACIO SCHULT,PEDRA PRETA,"1.043,70",35,35,3,1,10/04,29/03/2004,Desapropriação,25/03/2004,Pedra Preta
MT0703000,PA SÃO BENTO,DOM AQUINO,"1.396,68",40,40,3,1,11,29/03/2004,Desapropriação,25/02/2003,Dom Aquino
MT0704000,PA VALE DO PRATA,PEDRA PRETA,"3.282,20",100,100,3,1,12,29/03/2004,Desapropriação,26/03/2002,Pedra Preta
MT0705000,PA NOSSA SENHORA APARECIDA I,VARZEA GRANDE,"4.205,78",140,140,4,1,20,04/06/2004,Desapropriação,23/06/2003,Várzea Grande
MT0706000,PA SANTA LUCIA,RIBEIRAO CASCALHEIRA,"9.140,39",126,153,3,1,21,04/06/2004,Desapropriação,14/07/1997,Ribeirão Cascalheira
MT0707000,PE PIUVAL,POCONE,"851,5094",21,35,3,3,22,21/06/2004,Reconhecimento,22/06/2004,Poconé
MT0708000,PE MORRO CORTADO,POCONE,"1.007,95",45,49,4,3,23,21/06/2004,Reconhecimento,21/06/2004,Poconé
MT0709000,PE CAPÃO VERDE I,POCONE,"225,572",14,14,3,3,24,21/06/2004,Reconhecimento,21/06/2004,Poconé
MT0710000,PE BURITI FUNDO,BARRA DO BUGRES,"707,6735",31,31,4,3,25,21/06/2004,Reconhecimento,21/06/2004,Barra Do Bugres
MT0711000,PE ÁGUA VERMELHA,POCONE,"367,256",49,55,4,3,26,21/06/2004,Reconhecimento,10/12/2003,Poconé
MT0712000,PE BARRANCO ALTO,SANTO ANTONIO DO LEVERGER,"939,3452",100,100,4,3,27,21/02/2004,Reconhecimento,21/02/2004,Santo Antônio Do Leverger
MT0713000,PE FAZENDA PANTANALZINHO,SANTO ANTONIO DO LEVERGER,"336,0901",84,85,4,3,28,21/06/2004,Reconhecimento,21/06/2004,Santo Antônio Do Leverger
MT0714000,PE BARRA DO ARICA,SANTO ANTONIO DO LEVERGER,"594,0334",36,40,4,3,29,21/06/2004,Reconhecimento,21/06/2004,Santo Antônio Do Leverger
MT0715000,PE PANTANALZINHO,POCONE,"85,408",16,17,3,3,30,21/02/2004,Reconhecimento,21/02/2004,Poconé
MT0716000,PE COXOS,NOSSA SENHORA DO LIVRAMENTO,"1.209,68",103,115,3,3,31,21/06/2004,Reconhecimento,21/06/2004,Nossa Senhora Do Livramento
MT0717000,PE XAFARIS,POCONE,"703,491",19,19,4,3,32,21/06/2004,Reconhecimento,21/06/2004,Poconé
MT0718000,PE COLONIA FIGUEIRA I E II,POCONE,"2.403,59",93,98,3,3,33,21/06/2004,Reconhecimento,21/06/2004,Poconé
MT0719000,PA FLOR DA MATA,CACERES,"1.187,07",21,30,4,1,39,02/08/2004,Arrecadação,25/01/1994,Cáceres
MT0720000,PA SANTA FILOMENA,POCONE,"2.534,40",134,112,3,1,41,10/09/2004,Desapropriação,08/11/2002,Poconé
MT0721000,PA FLORESTA,ARAPUTANGA,"2.420,00",87,91,3,1,43,16/09/2004,Reversão de Domínio,14/05/2002,Araputanga
MT0722000,PA ALEGRE,PONTES E LACERDA,"1.150,00",6,7,3,1,51/04,28/11/2004,Arrecadação,28/11/2004,Pontes E Lacerda
MT0723000,PA VIDA NOVA,PEIXOTO DE AZEVEDO,"16.293,91",143,162,3,1,57,13/12/2004,Arrecadação,13/12/2004,Peixoto De Azevedo
MT0724000,PA ALIANÇA,NOVO MUNDO,"1.066,54",22,27,3,1,2,04/02/2005,Arrecadação,04/02/2005,Novo Mundo
MT0725000,PA CRISTALINO,NOVO MUNDO,"3.124,15",43,62,3,1,3,04/02/2005,Arrecadação,14/07/2000,Novo Mundo
MT0726000,PA CRISTALINO II,NOVO MUNDO,"2.188,94",41,43,6,1,4,04/02/2005,Arrecadação,14/04/2000,Novo Mundo
MT0727000,PA CRISTALINO - IV,NOVO MUNDO,"1.232,15",18,24,3,1,5,05/02/2005,Arrecadação,05/02/2005,Novo Mundo
MT0728000,PA 26 DE JANEIRO,PEDRA PRETA,"2.063,53",60,62,3,1,11,03/03/2005,Desapropriação,18/07/2003,Pedra Preta
MT0729000,PE VILA RURAL MANEQUINHO,CHAPADA DOS GUIMARAES,"52,8015",31,31,3,3,19,23/03/2005,Reconhecimento,23/03/2005,Chapada Dos Guimarães
MT0730000,PE VILA RURAL NOSSA SENHORA APARECIDA,ALTA FLORESTA,"49,9497",32,33,3,3,20,23/03/2005,Reconhecimento,23/03/2005,Alta Floresta
MT0731000,PA ANTONIO SOARES,PEIXOTO DE AZEVEDO,"7.790,83",94,95,3,1,38,25/05/2005,Arrecadação,25/05/2005,Peixoto De Azevedo
MT0732000,PA FURNAS,PEDRA PRETA,"1.826,44",50,62,3,1,33,28/05/2005,Arrecadação,28/05/2005,Pedra Preta
MT0733000,PA NOSSA SENHORA DE FÁTIMA,DENISE,"2.770,38",79,105,3,1,35,28/05/2005,Arrecadação,28/05/2005,Denise
MT0734000,PA PADRE JOSÉ TENCATE,SANTO AFONSO,"1.344,25",58,58,3,1,34,28/05/2005,Desapropriação,16/06/2003,Santo Afonso
MT0735000,PA UIRAPURU,PORTO ALEGRE DO NORTE,"4.123,97",65,67,6,1,37,28/05/2005,Arrecadação,28/05/2005,Porto Alegre Do Norte
MT0736000,PA LOURIVAL D´ABIC,VILA BELA DA SANTISSIMA TRINDADE,"1.210,00",36,36,3,1,36,28/05/2005,Confisco,28/05/2005,Vila Bela Da Santíssima Trindade
MT0737000,PA VIDA NOVA II,PEIXOTO DE AZEVEDO,"9.259,95",92,108,3,1,43,09/09/2005,Arrecadação,09/09/2005,Peixoto De Azevedo
MT0738000,PE ARINOS - ARARA AZUL,PORTO DOS GAUCHOS,"53,3499",25,27,4,3,45,09/09/2005,Reconhecimento,09/09/2005,Porto Dos Gaúchos
MT0739000,PE VILA RURAL - BOA ESPERANÇA,PARANAITA,"92,8204",48,49,4,3,46,09/09/2005,Reconhecimento,09/09/2005,Paranaíta
MT0740000,PE VILA RURAL MODELO FITOTERAPICOS,MIRASSOL D'OESTE,"32,2369",25,25,4,3,47,09/09/2005,Reconhecimento,09/09/2005,Mirassol D'oeste
MT0741000,PE VILA RURAL - PAI HEROI,TABAPORA,"96,7207",44,45,3,3,48,09/09/2005,Reconhecimento,09/09/2005,Tabaporã
MT0742000,PE VILA RURAL PORTAL,POCONE,"927,3242",83,90,3,3,49,09/09/2005,Reconhecimento,09/09/2005,Poconé
MT0743000,PE SALTO DAS NUVENS,SALTO DO CEU,"85,715",25,26,4,3,50,09/09/2005,Reconhecimento,09/09/2005,Salto Do Céu
MT0744000,PDS BORDOLÃNDIA,BOM JESUS DO ARAGUAIA,"50.062,03",606,1202,3,18,53,22/10/2007,Desapropriação,30/09/2004,Bom Jesus Do Araguaia
MT0746000,PA SANTO ANTONIO,NOVA MARINGA,"659,84",15,25,3,1,57,17/11/2005,Desapropriação,17/11/2005,Nova Maringá
MT0747000,PA VALE DO URU,TERRA NOVA DO NORTE,"5.273,04",150,150,3,1,56,17/11/2005,Desapropriação,13/05/2005,Terra Nova Do Norte
MT0750000,PA 28 DE DEZEMBRO,PEDRA PRETA,"1.263,33",41,42,3,1,40,22/12/2008,Desapropriação,23/12/2003,Pedra Preta
MT0753000,PA MÁRTIRES DOS CARAJÁS,POXOREO,"3.225,34",102,120,3,1,60,17/11/2005,Desapropriação,17/11/2005,Poxoréu
MT0754000,PA PONTE DE BARRO,SANTA RITA DO TRIVELATO,"4.362,02",46,60,6,1,9,27/03/2006,Desapropriação,27/03/2006,Santa Rita Do Trivelato
MT0755000,PA FACÃO/BOM JARDIM,CACERES,"4.717,99",184,184,3,1,8,27/03/2006,Desapropriação,27/03/2006,Cáceres
MT0756000,PA DIOCESE DE DIAMANTINO/MT,DIAMANTINO,"459,2872",26,26,3,1,10,27/03/2006,Desapropriação,27/03/2006,Diamantino
MT0758000,PA MARUMBI,VILA BELA DA SANTISSIMA TRINDADE,"5.331,12",85,86,3,1,26,25/09/2006,Desapropriação,31/05/2005,Vila Bela Da Santíssima Trindade
MT0760000,PA PINHEIRO VELHO,CARLINDA,"3.010,57",77,68,3,1,64,27/12/2006,Desapropriação,05/10/2005,Carlinda
MT0761000,PA SANTO ANTONIO (NOVA CANAA DO NORTE),NOVA CANAA DO NORTE,"11.559,35",149,150,3,1,65,27/12/2006,Desapropriação,28/12/2005,Nova Canaã Do Norte
MT0764000,PA SÃO JUDAS,NOVA LACERDA,"7.056,93",180,180,3,1,37,02/10/2006,Desapropriação,18/08/2006,Nova Lacerda
MT0768000,PA SANTO ANTONIO I,NOVA MARINGA,"433,3772",8,18,3,1,58,17/11/2005,Desapropriação,17/11/2005,Nova Maringá
MT0769000,PA SANTO ANTONIO II,NOVA MARINGA,"766,3",14,31,3,1,59,17/11/2005,Desapropriação,17/11/2005,Nova Maringá
MT0776000,PA PLANALTO DO IRIRI,PEIXOTO DE AZEVEDO,"22.277,71",185,222,3,1,68,18/11/2005,Arrecadação,16/11/2005,Peixoto De Azevedo
MT0777000,PA ARAUNA,NOVO MUNDO,"3.522,78",61,75,6,1,69,18/11/2005,Arrecadação,18/11/2005,Novo Mundo
MT0778000,PA ARAUNA II,NOVO MUNDO,"1.635,37",32,38,3,1,70,18/11/2005,Arrecadação,18/11/2005,Novo Mundo
MT0780000,PA PAU D´ALHO,RONDONOPOLIS,"645,6264",22,22,6,1,71,23/11/2005,Desapropriação,23/11/2005,Rondonópolis
MT0781000,PA VISTA ALEGRE,PEDRA PRETA,"356,7353",17,17,3,1,72,23/11/2005,Desapropriação,23/11/2005,Pedra Preta
MT0783000,PE VILA RURAL SÃO PEDRO,FIGUEIROPOLIS D'OESTE,"68,5302",24,26,3,3,74,30/11/2005,Reconhecimento,30/11/2005,Figueirópolis D'oeste
MT0784000,PE VILA RURAL DOMINGOS JOSE DE MORAES - MEU SONHO,PORTO ESPERIDIAO,"68,4893",44,46,3,3,75,30/11/2005,Reconhecimento,30/11/2005,Porto Esperidião
MT0785000,PE VILA RURAL TIA IRENE,SAO FELIX DO ARAGUAIA,"85,0638",16,18,3,3,77,05/12/2005,Reconhecimento,05/12/2005,São Félix Do Araguaia
MT0786000,PE VILA RURAL ZECA DO DOCA,SAO FELIX DO ARAGUAIA,"57,792",55,55,3,3,78,05/12/2005,Reconhecimento,05/12/2005,São Félix Do Araguaia
MT0787000,PE VILA RURAL NOVO HORIZONTE II,COCALINHO,"165,5329",80,80,3,3,79,30/11/2005,Reconhecimento,05/12/2005,Cocalinho
MT0788000,PE JOSE CANDIDO MELHORANÇA,APIACAS,"5.000,00",96,102,3,3,11,27/04/2006,Reconhecimento,27/04/2006,Apiacás
MT0789000,PA BOA ESPERANÇA I,JUINA,"330,9",0,8,3,1,28,25/09/2006,Desapropriação,25/09/2006,Juína
MT0790000,PA BOA ESPERANÇA IV,JUINA,"2.641,55",13,60,3,1,46,14/11/2006,Desapropriação,14/11/2006,Juína
MT0793000,PA CANÃA I,QUERENCIA,"3.769,14",39,75,3,1,36,02/10/2006,Desapropriação,04/10/2005,Querência
MT0794000,PA SÃO PEDRO/CAMBARA,VILA BELA DA SANTISSIMA TRINDADE,"7.432,95",80,81,3,1,39,03/11/2006,Desapropriação,03/11/2006,Vila Bela Da Santíssima Trindade
MT0796000,PA RAIMUNDO VIEIRA,NOVA GUARITA,"2.372,97",65,65,3,1,15,03/08/2006,Desapropriação,03/08/2006,Nova Guarita
MT0797000,PA IRMÃ ELEONORA,NOVA GUARITA,"233,8315",0,10,3,1,18,21/08/2006,Arrecadação,21/08/2006,Nova Guarita
MT0798000,PA EMA,ALTO PARAGUAI,"5.056,21",122,123,3,1,41,07/11/2006,Desapropriação,07/11/2006,Alto Paraguai
MT0799000,PA PORTO VELHO,SANTA TEREZINHA,"11.367,83",167,217,3,1,60,15/12/2006,Desapropriação,28/12/2005,Santa Terezinha
MT0803000,PA RENASCER LOTE 21,NOVA GUARITA,"241,6774",7,10,3,1,66,27/12/2006,Arrecadação,27/12/2006,Nova Guarita
MT0804000,PA RENASCER LOTE 30,NOVA GUARITA,"679,4362",0,27,3,1,67,27/12/2006,Arrecadação,27/12/2006,Nova Guarita
MT0806000,PA USIEL PEREIRA,NOVA OLIMPIA,"1.549,43",73,57,3,1,4,15/03/2007,Compra e Venda,28/09/2004,Nova Olímpia
MT0808000,PDS SONHO DE ANDERSON,UNIAO DO SUL,"2.603,37",66,54,3,18,34,02/08/2010,Desapropriação,18/05/2006,União Do Sul
MT0809000,PA MARIA BENVINDA DE AVILA SOARES,ROSARIO OESTE,"6.046,29",89,89,3,1,22,08/05/2007,Compra e Venda,18/12/2006,Rosário Oeste
MT0810000,PA DOM OZORIO STOFELL,CAMPO VERDE,"10.454,00",505,540,3,1,10,02/04/2007,Desapropriação,14/02/2003,Campo Verde
MT0811000,PA RIO DOS COCOS,NOVA NAZARE,"12.921,40",196,196,3,1,14,12/04/2007,Desapropriação,26/09/1986,Nova Nazaré
MT0812000,PA SERRA VERDE,BARRA DO GARCAS,"2.634,88",100,100,3,1,35,16/11/2009,Desapropriação,16/04/2007,Barra Do Garças
MT0813000,PE VILA RURAL SANTO EXPEDITO II,NOVA CANAA DO NORTE,"51,3546",8,11,3,3,23,10/05/2007,Reconhecimento,10/05/2007,Nova Canaã Do Norte
MT0814000,PA MONTE AZUL,PEDRA PRETA,"3.344,27",87,87,3,1,33,09/08/2007,Desapropriação,09/08/2007,Pedra Preta
MT0815000,PA BRIDÃO BRASILEIRO,CONFRESA,"18.656,58",366,400,3,1,35,10/08/2007,Desapropriação,10/08/2007,Confresa
MT0816000,PA MIURA,VILA BELA DA SANTISSIMA TRINDADE,"2.579,22",69,69,3,1,36,15/08/2007,Compra e Venda,15/08/2007,Vila Bela Da Santíssima Trindade
MT0817000,PA BARRA DO MARCO,PONTES E LACERDA,"806,9366",106,91,3,1,37,15/08/2007,Compra e Venda,18/12/2006,Pontes E Lacerda
MT0818000,PA MEDALHA MILAGROSA,ARIPUANA,"27.464,70",215,400,3,1,61,09/11/2007,Desapropriação,24/11/2005,Aripuanã
MT0819000,PA PRIMOROSA,RIBEIRAO CASCALHEIRA,"30.443,64",314,436,3,1,76,17/12/2007,Desapropriação,16/02/2007,Ribeirão Cascalheira
MT0820000,PDS NOVO RENASCER,UNIAO DO SUL,"949,658",22,23,3,18,45,05/10/2010,Compra e Venda,17/03/2008,União Do Sul
MT0821000,PDS TERRA DE VIVER,CLAUDIA,"1.216,99",14,20,3,18,8,28/03/2011,Compra e Venda,09/11/2007,Cláudia
MT0822000,PDS FREI CRISPIN,UNIAO DO SUL,"1.621,04",19,40,3,18,3,18/01/2012,Desapropriação,24/10/2007,União Do Sul
MT0824000,PDS OLGA BENARIO,UNIAO DO SUL,"1.486,72",24,25,3,18,43,27/12/2011,Desapropriação,22/12/2003,União Do Sul
MT0825000,PA SANTA ELINA,NOVA LACERDA,"7.643,52",197,174,3,1,78,18/12/2007,Desapropriação,11/12/2006,Nova Lacerda
MT0826000,PA BOA ESPERANÇA DE JUINA,JUINA,"3.294,95",55,68,3,1,64,12/11/2007,Desapropriação,18/11/2005,Juína
MT0827000,PA JAPURANOMAN,NOVA BANDEIRANTES,"40.027,35",299,321,3,1,65,21/11/2007,Desapropriação,31/08/2001,Nova Bandeirantes
MT0831000,PE VILA RURAL PARAISO,ARAGUAINHA,"69,6096",13,13,3,3,69,30/11/2007,Reconhecimento,30/11/2007,Araguainha
MT0832000,PE VILA RURAL LAÇO DE OURO,SAO PEDRO DA CIPA,"100,418",24,24,4,3,72,12/12/2007,Reconhecimento,12/12/2007,São Pedro Da Cipa
MT0835000,PA RECOMPENSA II,CACERES,"1.225,44",20,20,3,1,11,19/03/2012,Desapropriação,15/07/2008,Cáceres
MT0836000,PE VILA RURAL RIO SANTANA,NORTELANDIA,110,49,50,3,3,77,17/12/2007,Reconhecimento,21/02/2007,Nortelândia
MT0837000,PDS SÃO PAULO,CARLINDA,"2.355,72",47,48,3,18,14,27/03/2012,Desapropriação,11/09/2008,Carlinda
MT0838000,PDS NOVA ALIANÇA,GAUCHA DO NORTE,"2.433,19",73,87,3,18,25,22/09/2009,Compra e Venda,28/03/2008,Gaúcha Do Norte
MT0840000,PDS NOVA CONQUISTA,NOVA OLIMPIA,"2.425,39",66,68,3,18,20,15/05/2012,Compra e Venda,27/12/2007,Nova Olímpia
MT0841000,PDS KENO,CLAUDIA,"22.380,61",487,500,3,18,34,16/11/2009,Compra e Venda,24/01/1992,Cláudia
MT0845000,PA SANTA RITA,RIBEIRAO CASCALHEIRA,"24.834,64",289,331,3,1,33,16/11/2009,Desapropriação,18/12/2008,Ribeirão Cascalheira
MT0850000,PE MUCAMBO,BARAO DE MELGACO,"2.141,85",2,38,3,3,36,13/12/2008,Reconhecimento,25/11/2008,Barão De Melgaço
MT0852000,PE CAPOEIRINHA,BARAO DE MELGACO,"3.982,09",23,34,3,3,37,13/12/2008,Reconhecimento,21/12/2007,Barão De Melgaço
MT0853000,PA GUATAPARA,AGUA BOA,"6.829,62",114,200,3,1,23,11/06/2012,Desapropriação,30/06/2010,Água Boa
MT0854000,PA PAU DALHO,SANTO ANTONIO DO LEVERGER,"1.142,01",26,26,3,1,39,28/11/2011,Desapropriação,18/05/2006,Santo Antônio Do Leverger
MT0855000,PA BARRA DO MARCO II,PONTES E LACERDA,"60,1254",14,14,3,1,12,19/03/2012,Compra e Venda,03/06/1998,Pontes E Lacerda
MT0856000,PDS 12 DE OUTUBRO,CLAUDIA,"6.374,16",132,140,3,18,15,27/03/2012,Compra e Venda,03/07/2009,Cláudia
MT0857000,PA SILVIO RODRIGUES,MIRASSOL D'OESTE,"4.522,36",167,170,3,1,22,23/05/2012,Desapropriação,18/12/2008,Mirassol D'oeste
MT0884000,PCA VIDA NOVA,ALTO BOA VISTA,"431,0973",197,300,3,7,44,18/12/2012,Reconhecimento,18/12/2012,Alto Boa Vista
MT0915000,PDS TABAPUA,NOVO MUNDO,"1.644,38",41,42,3,18,10,28/03/2014,Arrecadação,20/09/2013,Novo Mundo
MT0941000,PA EGIDIO BRUNETTO,JUSCIMEIRA,"1.971,61",70,72,3,1,3,02/02/2015,Desapropriação,26/12/2013,Juscimeira
MT0942000,PA RIO VERDE,NOVA MUTUM,"828,3015",15,15,3,1,26,08/07/2015,Arrecadação,30/12/2010,Nova Mutum
MT0943000,PA SANTA AURELIA,INDIAVAI,"2.161,50",45,85,3,1,57,13/11/2015,Arrecadação,27/02/2014,Indiavaí
MT0944000,PA ZE PAZ,ACORIZAL,"2.571,84",74,72,3,1,8,03/02/2017,Desapropriação,11/02/2005,Acorizal
MT0945000,PDS RIO JATOBA,PARANATINGA,"10.726,02",156,190,3,18,52,21/09/2017,Desapropriação,23/11/1999,Paranatinga
MT0946000,PA SOMAPAR,JURUENA,"12.199,99",260,278,3,1,127,01/02/2018,Desapropriação,26/12/2013,Juruena
MT0947000,PDS NOVA CONQUISTA II,NOVO MUNDO,"2.000,00",95,96,3,18,607,18/04/2018,Desafetação,22/03/2017,Novo Mundo
MT0948000,RTRQ COMUNIDADE QUILOMBOLA MATA CAVALO,NOSSA SENHORA DO LIVRAMENTO,"14.748,34",436,418,3,31,736,04/05/2018,Reconhecimento,04/05/2018,Nossa Senhora Do Livramento
MT0949000,PA NACIONAL,AGUA BOA,"7.449,58",261,267,3,1,1386,21/08/2018,Desapropriação,26/12/2013,Água Boa
MT0950000,PA PASSA VINTE,BARRA DO GARCAS,"8.968,96",271,272,5,1,1387,21/08/2018,Desapropriação,26/12/2013,Barra Do Garças
MT0951000,PDAS GOVERNADOR WILMAR PERES DE FARIAS,BARRA DO GARCAS,"243,958",31,38,3,30,1830,20/11/2018,Doação,20/11/2018,Barra Do Garças
MT0952000,PA MACIFE III,NOVO SANTO ANTONIO,"14.832,70",55,125,3,1,2025,20/11/2020,Desapropriação,20/11/2020,Novo Santo Antônio
MT0953000,PA RICAVILLE,LUCIARA,"1.898,65",25,25,3,1,168,20/09/2023,Escritura Pública de Doação,,Luciara
MT0954000,PA RAIMUNDO VIEIRA III,NOVA GUARITA,"409,7039",12,12,3,1,167,20/09/2023,Desafetação,,Nova Guarita
MT0955000,PDS BOA ESPERANCA,NOVO MUNDO,"6.393,60",95,101,3,18,413,27/02/2024,Arrecadação,,Novo Mundo
MT0956000,PA REASSENTAMENTO BECKHAUSER,SINOP,"1.006,80",28,28,3,1,453,10/04/2024,Escritura Pública de Doação,,Sinop
MT0957000,PDS NOVO MUNDO,NOVO MUNDO,"2.000,53",0,74,3,18,457,10/04/2024,Desafetação,,Novo Mundo
MT0958000,PA MONTE ALEGRE SALOBRA,CACERES,"1.211,15",0,40,3,1,1021,05/03/2025,,,Cáceres
MT0959000,PA XV DE NOVEMBRO,NOVA MUTUM,"367,6843",0,8,3,1,951,10/01/2025,Desafetação,10/01/2025,Nova Mutum
MT0960000,PA RIO CAFE,PRIMAVERA DO LESTE,"514,3432",0,30,3,1,1019,05/02/2025,,,Primavera Do Leste
MT0969000,RTRQ LAGOINHA DE BAIXO,CHAPADA DOS GUIMARAES,"2.514,97",19,50,3,31,775,19/11/2024,,,Chapada Dos Guimarães
MT0970000,RTRQ CAMPINA DE PEDRA,POCONE,"1.779,81",29,45,3,31,775,19/11/2024,,,Poconé
MT0971000,RTRQ LARANJAL,POCONE,"1.472,45",36,53,3,31,775,19/11/2024,,,Poconé
MT0972000,RTRQ  BOCAINA E CAMARINHA,PORTO ESTRELA,"3.572,59",0,147,3,31,775,19/11/2024,,,Porto Estrela
MT9999948,PAR CANAÃ,COLIDER,"18.000,00",32,250,7,16,1,11/09/1982,Discriminação,20/04/1982,Colíder
MT9999952,PA GLEBA TELES PIRES,TERRA NOVA DO NORTE,435,1502,1750,7,1,2,10/10/1982,Discriminação,16/01/1981,Terra Nova Do Norte
MT9999954,PAR GLEBA PARANÁ,COLIDER,"9.520,25",329,350,7,10,1,10/10/1981,Discriminação,21/12/1982,Colíder
MT9999955,PAR GLEBA CARAPÁ,COLIDER,"14.440,00",246,2800,7,10,1,10/01/1982,Discriminação,10/01/1982,Colíder
MT9999985,GLEBA VALE DO XV,GUARANTA DO NORTE,"29.285,90",133,130,4,16,10,08/05/2002,Arrecadação,08/05/2002,Guarantã Do Norte
MT9999989,PAD GLEBA TELES PIRES,TERRA NOVA DO NORTE,"219.376,27",7,800,7,9,8,10/10/1980,Discriminação,12/10/1980,Terra Nova Do Norte
MT9999994,GLEBA CANÃA,NOVA CANAA DO NORTE,"43.372,87",1,800,7,16,2,18/03/1985,Discriminação,20/04/1982,Nova Canaã Do Norte